backend_drug_id,nama_produk,komposisi_normalized,drug_category,all_drug_categories,golongan_obat,perlu_resep,bentuk_sediaan,rute_penggunaan_hint,status_masa_berlaku,category_count,all_categories_supported
DKI1742000543A1,ACTRAPID HM PENFILL,INSULIN HUMAN,antidiabetes,antidiabetes,Obat Keras,1,CAIRAN INJEKSI; 100 IU/ML,parenteral,kedaluwarsa,1,1
LKE13147017,ALAXAN,PARACETAMOL. IBUPROFEN,nsaid,nsaid,Khusus Ekspor,0,TABLET; 325 MG /200 MG,oral,aktif,1,1
DKL1222721904A1,ALIF 500,NAPROXEN SODIUM,nsaid,nsaid,Obat Keras,1,KAPLET,oral,aktif,1,1
DKL1806318331A1,ALLETROL COMPOSITUM,DEXAMETHASONE SODIUM PHOSPHATE. NEOMYCIN SULFATE. POLYMYXIN B SULFATE,kortikosteroid,kortikosteroid,Obat Keras,1,"SALEP MATA; 1,316 MG /5,175 MG /6000 IU",mata,aktif,1,1
DKL2206309746B1,ALLETROL COMPOSITUM FORTE,POLYMYXIN B SULFATE. DEXAMETHASONE SODIUM PHOSPHATE. NEOMYCIN SULFATE,kortikosteroid,kortikosteroid,Obat Keras,1,"TETES MATA; 10.000 IU /1,32 MG /5,18 MG",mata,aktif,1,1
GKL2613615210A1,AMLODIPINE BESILATE,AMLODIPINE BESILATE,ccb,ccb,Obat Keras,1,TABLET,oral,aktif,1,1
DKL2102907843A1,ANTITEN-A,ENOXAPARIN SODIUM,antikoagulan,antikoagulan,Obat Keras,1,INJEKSI,parenteral,aktif,1,1
DKI0559201843A1,APIDRA,INSULIN GLULISINE,antidiabetes,antidiabetes,Obat Keras,1,LARUTAN INJEKSI; 100 IU,parenteral,aktif,1,1
DKL2531552917A1,APIFAR,APIXABAN,antikoagulan,antikoagulan,Obat Keras,1,TABLET SALUT SELAPUT,oral,aktif,1,1
LKE26020034,ASPRO 300,COATED ASPIRIN,nsaid,nsaid,Khusus Ekspor,0,TABLET EFFERVESCENT,oral,aktif,1,1
DKL9609311615A1,ASTIKA,ACETYLSALICYLIC ACID,nsaid,nsaid,Obat Keras,1,TABLET SALUT ENTERIK,oral,aktif,1,1
DKI2297301467A1,ATECTURA BREEZHALER,INDACATEROL ACETATE | MOMETASONE FUROATE,kortikosteroid,kortikosteroid,Obat Keras,1,SERBUK INHALER,oral,aktif,1,1
GKL2102506709C1,ATORVASTATIN CALCIUM,ATORVASTATIN CALCIUM,statin,statin,Obat Keras,1,KAPLET SALUT SELAPUT,oral,aktif,1,1
GKL1938202509A1,ATORVASTATIN CALCIUM TRIHYDRATE,ATORVASTATIN CALCIUM TRIHYDRATE,statin,statin,Obat Keras,1,KAPLET SALUT SELAPUT,oral,aktif,1,1
DKI2569600117A1,ATOZET,ATORVASTATIN CALCIUM TRIHYDRATE | EZETIMIBE,statin,statin,Obat Keras,1,TABLET SALUT SELAPUT,oral,aktif,1,1
DKI1863501217A1,ATOZET,ATORVASTATIN CALCIUM TRIHYDRATE. EZETIMIBE,statin,statin,Obat Keras,1,TABLET SALUT SELAPUT,oral,aktif,1,1
DKI2191601556A1,AVAMYS,FLUTICASONE FUROATE,kortikosteroid,kortikosteroid,Obat Keras,1,SUSPENSI,oral,aktif,1,1
DKL9102002129A1,BAYCUTEN-N,CLOTRIMAZOLE. DEXAMETHASONE ACETATE,kortikosteroid,kortikosteroid,Obat Keras,1,KRIM,topikal,aktif,1,1
LKE24186003,BEMETHA TABLET 0.5 MG,BETAMETHASONE,kortikosteroid,kortikosteroid,Khusus Ekspor,0,TABLET; 0.5 MG,oral,aktif,1,1
DKL9602322929A1,BENOSON M,BETAMETHASONE VALERATE | MICONAZOLE NITRATE,kortikosteroid,kortikosteroid,Obat Keras,1,KRIM,topikal,aktif,1,1
DKL2116712629A1,BETAGEN-G,BETAMETHASONE DIPROPIONATE. GENTAMICIN SULFATE,kortikosteroid,kortikosteroid,Obat Keras,1,"KRIM; 0,64 MG /1,58 MG",topikal,aktif,1,1
DKL9722222646A1,BETAM-OPTHAL,BETAMETHASONE SODIUM PHOSPHATE,kortikosteroid,kortikosteroid,Obat Keras,1,TETES MATA,mata,aktif,1,1
DKL9830905929A1,BEVALEX,NEOMYCIN SULFATE. BETAMETHASONE VALERATE,kortikosteroid,kortikosteroid,Obat Keras,1,"KRIM; 5 MG /1,21 MG",topikal,aktif,1,1
DKL9714809229A1,BIOCORT,BETAMETHASONE VALERATE. GENTAMICIN SULFATE,kortikosteroid,kortikosteroid,Obat Keras,1,KRIM,topikal,aktif,1,1
DKL0022231660A1,BLECIDEX,GRAMICIDIN. DEXAMETHASONE SODIUM METASULFOBENZOATE. FRAMYCETIN SULFATE,kortikosteroid,kortikosteroid,Obat Keras,1,"TETES MATA DAN TELINGA; 0,05 MG /0,795 MG /5 MG",mata,aktif,1,1
DKL9825101910A1,BLOPRESS,CANDESARTAN CILEXETIL,ace_arb,ace_arb,Obat Keras,1,TABLET,oral,aktif,1,1
DTL0622719204A1,BODREX EXTRA,CAFFEINE | IBUPROFEN | PARACETAMOL,nsaid,nsaid|xantin,Obat Bebas Terbatas,0,KAPLET,oral,aktif,2,1
DKL7225102553A1,BORRAGINOL-S,BENZOCAINE | CETRIMIDE | LIDOCAINE | LITHOSPERMI RADIX EXTRACT | PREDNISOLONE,kortikosteroid,kortikosteroid,Obat Keras,1,SUPPOSITORIA,rektal/vaginal,aktif,1,1
DKL9822225146A1,BRALIFEX PLUS,DEXAMETHASONE | TOBRAMYCIN,kortikosteroid,kortikosteroid,Obat Keras,1,TETES MATA,mata,aktif,1,1
DKL0600914704A1,BUFACARYL,DEXCHLORPHENIRAMINE MALEATE. DEXAMETHASONE,kortikosteroid,kortikosteroid,Obat Keras,1,"KAPLET; 2 MG /0,5 MG",oral,aktif,1,1
DKL7200914829A1,BUFACORT - N,NEOMYCIN SULFATE. HYDROCORTISONE ACETATE,kortikosteroid,kortikosteroid,Obat Keras,1,KRIM; 5 MG /10 MG,topikal,aktif,1,1
DKI1258501317A1,CADUET,ATORVASTATIN CALCIUM. AMLODIPINE BESILATE,ccb,ccb|statin,Obat Keras,1,TABLET SALUT SELAPUT; 10.85 MG /6.94 MG,oral,aktif,2,1
DKI2558502117A1,CADUET,AMLODIPINE BESILATE | ATORVASTATIN CALCIUM,ccb,ccb|statin,Obat Keras,1,TABLET SALUT SELAPUT,oral,aktif,2,1
DKL2106720443A1,CAPNEU,CAFFEINE ANHYDROUS,xantin,xantin,Obat Keras,1,INJEKSI,parenteral,aktif,1,1
DKL2132408243A1,CAPRISULIN LOG-G,INSULIN GLARGINE,antidiabetes,antidiabetes,Obat Keras,1,LARUTAN INJEKSI,parenteral,aktif,1,1
GKL1106506310A1,CAPTOPRIL,CAPTOPRIL,ace_arb,ace_arb,Obat Keras,1,TABLET,oral,aktif,1,1
GKL1433311410A1,CARBAMAZEPINE,CARBAMAZEPINE,antikonvulsan,antikonvulsan,Obat Keras,1,TABLET; 200 MG,oral,aktif,1,1
DKL2032720917A1,CARDUO,AMLODIPINE BESILATE | ATORVASTATIN CALCIUM TRIHYDRATE,ccb,ccb|statin,Obat Keras,1,TABLET SALUT SELAPUT,oral,aktif,2,1
DKL2333556717A1,CARMELO,AMLODIPINE BESILATE | OLMESARTAN MEDOXOMIL,ace_arb,ace_arb|ccb,Obat Keras,1,TABLET SALUT SELAPUT,oral,aktif,2,1
DKI0667504636A1,CATAFLAM,DICLOFENAC RESINATE,nsaid,nsaid,Obat Keras,1,DROPS,oral,aktif,1,1
DKL9930408481A1,CATAFLAM D,DICLOFENAC,nsaid,nsaid,Obat Keras,1,TABLET DISPERSIBLE,oral,aktif,1,1
DKL1809225237A1,CELESTAR,DEXCHLORPHENIRAMINE MALEATE. BETAMETHASONE,kortikosteroid,kortikosteroid,Obat Keras,1,SIRUP,oral,aktif,1,1
DKL7603814831A1,CENDO CETAPRED,SULFACETAMIDE SODIUM. PREDNISOLONE SODIUM PHOSPHATE,kortikosteroid,kortikosteroid,Obat Keras,1,"SALEP MATA; 100,00 MG /3,50 MG",mata,aktif,1,1
DKL7803810846A1,CENDO GENTASON,GENTAMICIN SULFATE. DEXAMETHASONE SODIUM PHOSPHATE,kortikosteroid,kortikosteroid,Obat Keras,1,TETES MATA; 5 MG /1 MG,mata,aktif,1,1
DKL7803811431A1,CENDO XITROL,DEXAMETHASONE. NEOMYCIN SULFATE. POLYMYXIN B SULFATE,kortikosteroid,kortikosteroid,Obat Keras,1,"SALEP MATA; 1,00 MG /5,00 MG /10000 IU",mata,aktif,1,1
DKL7803811431A2,CENDO XITROL,DEXAMETHASONE | NEOMYCIN SULFATE | POLYMYXIN B SULFATE,kortikosteroid,kortikosteroid,Obat Keras,1,SALEP MATA,mata,aktif,1,1
DKI2284401035A1,CIPOL - N,CICLOSPORIN,imunosupresan,imunosupresan,Obat Keras,1,LARUTAN ORAL; 100 MG,oral,aktif,1,1
GKL0305033149A1,CIPROFLOXACIN,CIPROFLOXACIN,antibiotik_fluorokuinolon,antibiotik_fluorokuinolon,Obat Keras,1,INFUS,parenteral,aktif,1,1
GKL2306514409A1,CIPROFLOXACIN HYDROCHLORIDE,CIPROFLOXACIN HCL MONOHYDRATE,antibiotik_fluorokuinolon,antibiotik_fluorokuinolon,Obat Keras,1,KAPLET SALUT SELAPUT,oral,aktif,1,1
GKL1807122809A1,CIPROFLOXACIN HYDROCHLORIDE,CIPROFLOXACIN HYDROCHLORIDE,antibiotik_fluorokuinolon,antibiotik_fluorokuinolon,Obat Keras,1,KAPLET SALUT SELAPUT,oral,aktif,1,1
GKL2644412209A1,CIPROFLOXACIN HYDROCHLORIDE,CIPROFLOXACIN HYDROCHLORIDE MONOHYDRATE,antibiotik_fluorokuinolon,antibiotik_fluorokuinolon,Obat Keras,1,KAPLET SALUT SELAPUT,oral,aktif,1,1
GKL0808515349A2,CIPROFLOXACIN LACTATE,CIPROFLOXACIN LACTATE,antibiotik_fluorokuinolon,antibiotik_fluorokuinolon,Obat Keras,1,INFUS,parenteral,aktif,1,1
GKL1002342049A1,CIPROFLOXACIN LACTATE MONOHYDRATE,CIPROFLOXACIN LACTATE MONOHYDRATE,antibiotik_fluorokuinolon,antibiotik_fluorokuinolon,Obat Keras,1,INFUS,parenteral,aktif,1,1
DKL1633535814A1,CIVELL MR,CIPROFLOXACIN | CIPROFLOXACIN HYDROCHLORIDE MONOHYDRATE,antibiotik_fluorokuinolon,antibiotik_fluorokuinolon,Obat Keras,1,TABLET PELEPASAN LAMBAT,oral,aktif,1,1
DKI0267503217A1,CO-DIOVAN,HYDROCHLOROTHIAZIDE | VALSARTAN,ace_arb,ace_arb,Obat Keras,1,TABLET SALUT SELAPUT,oral,kedaluwarsa,1,1
DKI1077402817A1,COAPROVEL,HYDROCHLOROTHIAZIDE | IRBESARTAN,ace_arb,ace_arb,Obat Keras,1,TABLET SALUT SELAPUT,oral,aktif,1,1
DKL9905029237A2,COLERGIS,BETAMETHASONE. DEXCHLORPHENIRAMINE MALEATE,kortikosteroid,kortikosteroid,Obat Keras,1,SIRUP,oral,aktif,1,1
LKE12116002,COMBIDERM,CLOTRIMAZOLE. BETAMETHASONE DIPROPIONATE. GENTAMICIN SULFATE,kortikosteroid,kortikosteroid,Khusus Ekspor,0,KRIM; 10 MG /0.5 MG /1.47 MG,topikal,kedaluwarsa,1,1
LKE12116003,COMBIDERM,BETAMETHASONE DIPROPIONATE. CLOTRIMAZOLE. GENTAMICIN SULFATE,kortikosteroid,kortikosteroid,Khusus Ekspor,0,KRIM; 0.5 MG /10 MG /1.47 MG,topikal,kedaluwarsa,1,1
DKL7203816231A1,CORTHON,HYDROCORTISONE ACETATE. NEOMYCIN SULFATE. POLYMYXIN B SULFATE,kortikosteroid,kortikosteroid,Obat Keras,1,"SALEP MATA; 10,00 MG /5,00 MG /10.000 IU",mata,aktif,1,1
DTL1124403528A1,COUNTERPAIN PXM,EUGENOL | MENTHOL | METHYL SALICYLATE | PIROXICAM,nsaid,nsaid,Obat Bebas Terbatas,0,GEL,topikal,aktif,1,1
DKI1631600710A1,COVERAM,AMLODIPINE BESILATE | PERINDOPRIL ARGININE,ccb,ccb,Obat Keras,1,TABLET,oral,aktif,1,1
LKE18066177,COZAAR,LOSARTAN POTASSIUM,ace_arb,ace_arb,Khusus Ekspor,0,TABLET SALUT SELAPUT,oral,aktif,1,1
LKE22066207,COZAAR XQ,LOSARTAN POTASSIUM. AMLODIPINE CAMSYLATE,ace_arb,ace_arb|ccb,Khusus Ekspor,0,TABLET SALUT SELAPUT; 50.00 MG /7.84 MG,oral,aktif,2,1
LKE22066208,COZAAR XQ,AMLODIPINE CAMSYLATE. LOSARTAN POTASSIUM,ace_arb,ace_arb|ccb,Khusus Ekspor,0,TABLET SALUT SELAPUT; 7.84 MG /100.00 MG,oral,aktif,2,1
DKI2167601346A1,CRAVIT,LEVOFLOXACIN HYDRATE,antibiotik_fluorokuinolon,antibiotik_fluorokuinolon,Obat Keras,1,TETES MATA; 5 MG,mata,aktif,1,1
IKE17596001,CRESTOR,ROSUVASTATIN CALCIUM,statin,statin,Khusus Ekspor,0,TABLET SALUT SELAPUT,oral,aktif,1,1
GKL2417632917A1,DAPAGLIFLOZIN PROPANEDIOL HYDRATE,DAPAGLIFLOZIN PROPANEDIOL MONOHYDRATE,antidiabetes,antidiabetes,Obat Keras,1,TABLET SALUT SELAPUT,oral,aktif,1,1
DKL2511648517A1,DAPAGLIZ,DAPAGLIFLOZIN,antidiabetes,antidiabetes,Obat Keras,1,TABLET SALUT SELAPUT,oral,aktif,1,1
LKE17147046,DECOLGEN MAX,IBUPROFEN. CHLORPHENAMINE MALEATE. PHENYLPROPANOLAMINE HYDROCHLORIDE,nsaid,nsaid,Khusus Ekspor,0,KAPSUL; 200 MG /2 MG /25 MG,oral,aktif,1,1
DKL0938500341A1,DEMY,BETAMETHASONE DIPROPIONATE | CLOTRIMAZOLE,kortikosteroid,kortikosteroid,Obat Keras,1,CAIRAN OBAT LUAR,lainnya,aktif,1,1
DKI7286100343A1,DEPO MEDROL,METHYLPREDNISOLONE ACETATE,kortikosteroid,kortikosteroid,Obat Keras,1,INJEKSI; 40.00 MG,parenteral,aktif,1,1
DKL1633313637A1,DEPVAL,VALPROIC ACID,antikonvulsan,antikonvulsan,Obat Keras,1,SIRUP,oral,aktif,1,1
DKL9604120641A1,DERMACOID,HYDROCORTISONE BUTYRATE,kortikosteroid,kortikosteroid,Obat Keras,1,SCALP LOTION,topikal,aktif,1,1
GKL2109325143A1,DEXAMETHASONE SODIUM PHOSPHATE,DEXAMETHASONE SODIUM PHOSPHATE,kortikosteroid,kortikosteroid,Obat Keras,1,INJEKSI,parenteral,aktif,1,1
LKE26136016,DEXAMINE,DEXAMETHASONE SODIUM PHOSPHATE | DEXCHLORPHENIRAMINE MALEATE,kortikosteroid,kortikosteroid,Khusus Ekspor,0,SIRUP,oral,aktif,1,1
DKL7603810146A1,DEXATON,DEXAMETHASONE SODIUM PHOSPHATE | NEOMYCIN SULFATE,kortikosteroid,kortikosteroid,Obat Keras,1,TETES MATA,mata,aktif,1,1
DKL9419914637A1,DEXTAMINE,DEXAMETHASONE SODIUM PHOSPHATE. DEXCHLORPHENIRAMINE MALEATE,kortikosteroid,kortikosteroid,Obat Keras,1,SIRUP; 2 mg,oral,aktif,1,1
DKI2254801617B1,DIAGLIFOZ,DAPAGLIFLOZIN PREMIX,antidiabetes,antidiabetes,Obat Keras,1,TABLET SALUT SELAPUT; 50 MG,oral,aktif,1,1
DKI2154801117A1,DIAGLIFOZMET XR,DAPAGLIFLOZIN PREMIX. METFORMIN HYDROCHLORIDE,antidiabetes,antidiabetes,Obat Keras,1,TABLET SALUT SELAPUT; 25 MG /500 MG,oral,aktif,1,1
GKL2431551401A1,DICLOFENAC ACID,DICLOFENAC ACID,nsaid,nsaid,Obat Keras,1,KAPSUL,oral,aktif,1,1
GKL1114812317A1,DICLOFENAC POTASSIUM,DICLOFENAC POTASSIUM,nsaid,nsaid,Obat Keras,1,TABLET SALUT SELAPUT,oral,aktif,1,1
GKL9005007310A1,DILTIAZEM HCL,DILTIAZEM HYDROCHLORIDE,ccb,ccb,Obat Keras,1,TABLET,oral,aktif,1,1
DKL7606605530A1,DIPROGENTA,BETAMETHASONE DIPROPIONATE | GENTAMICIN SULFATE,kortikosteroid,kortikosteroid,Obat Keras,1,SALEP,topikal,aktif,1,1
LKE13066122,DIPROGENTA,GENTAMICIN SULFATE. BETAMETHASONE DIPROPIONATE. BETAMETHASONE DIPROPIONATE. GENTAMICIN SULFATE,kortikosteroid,kortikosteroid,Khusus Ekspor,0,"KRIM; 0,05 % /0,1 % /0.64 mg /1.7 MG",topikal,kedaluwarsa,1,1
LKE14066160,DIPROSALIC,BETAMETHASONE DIPROPIONATE | SALICYLIC ACID,kortikosteroid,kortikosteroid,Khusus Ekspor,0,SALEP,topikal,aktif,1,1
DKL9106602330A1,DIPROSALIC,SALICYLIC ACID. BETAMETHASONE DIPROPIONATE,kortikosteroid,kortikosteroid,Obat Keras,1,SALEP,topikal,aktif,1,1
LKE20066196,DIPROSONE,BETAMETHASONE DIPROPIONATE,kortikosteroid,kortikosteroid,Khusus Ekspor,0,SALEP,topikal,aktif,1,1
DKL1605053143A1,DIVITI,FONDAPARINUX SODIUM,antikoagulan,antikoagulan,Obat Keras,1,INJEKSI,parenteral,aktif,1,1
LKE12055028,DOXYCYCLINE,DOXYCYCLINE MONOHYDRATE,antibiotik_tetrasiklin,antibiotik_tetrasiklin,Khusus Ekspor,0,TABLET; 104.10 MG,oral,aktif,1,1
DKI1504000148A1,DUOXAL,CIPROFLOXACIN HYDROCHLORIDE MONOHYDRATE. FLUOCINOLONE ACETONIDE,antibiotik_fluorokuinolon,antibiotik_fluorokuinolon,Obat Keras,1,TETES TELINGA; 3.49 MG /0.25 MG,telinga,kedaluwarsa,1,1
DKL2142801529A1,ECONAZINE,ECONAZOLE NITRATE | TRIAMCINOLONE ACETONIDE,kortikosteroid,kortikosteroid,Obat Keras,1,KRIM,topikal,aktif,1,1
DKL2634617717A1,EMPAFER,EMPAGLIFLOZIN,antidiabetes,antidiabetes,Obat Keras,1,TABLET SALUT SELAPUT,oral,aktif,1,1
DKI2297301367A1,ENERZAIR BREEZHALER,GLYCOPYRRONIUM BROMIDE | INDACATEROL ACETATE | MOMETASONE FUROATE,kortikosteroid,kortikosteroid,Obat Keras,1,SERBUK INHALER,oral,aktif,1,1
GKL2431551617A1,EPLERENONE,EPLERENONE,diuretik_hemat_kalium,diuretik_hemat_kalium,Obat Keras,1,TABLET SALUT SELAPUT,oral,aktif,1,1
DKL2206321448A1,ERFLOX,OFLOXACIN,antibiotik_fluorokuinolon,antibiotik_fluorokuinolon,Obat Keras,1,TETES TELINGA,telinga,aktif,1,1
DKL0122717510A1,ERICAF,CAFFEINE | ERGOTAMINE TARTRATE,xantin,xantin,Obat Keras,1,TABLET,oral,aktif,1,1
DKL7206316229A1,ERLA NEO HYDROCORT,HYDROCORTISONE ACETATE. NEOMYCIN SULFATE,kortikosteroid,kortikosteroid,Obat Keras,1,KRIM; 10 MG /5 MG,topikal,aktif,1,1
DKL2106320829A1,ERLADERM-G,BETAMETHASONE VALERATE | GENTAMICIN SULFATE,kortikosteroid,kortikosteroid,Obat Keras,1,KRIM,topikal,aktif,1,1
DKL0406311646A1,ERLAMYCETIN PLUS,CHLORAMPHENICOL. DEXAMETHASONE SODIUM PHOSPHATE,kortikosteroid,kortikosteroid,Obat Keras,1,TETES MATA; 5 MG /1 MG,mata,kedaluwarsa,1,1
DBL2511704410A1,ESEPULUH,CAFFEINE ANHYDROUS | PARACETAMOL,xantin,xantin,Obat Bebas,0,TABLET,oral,aktif,1,1
DKI2163401910B1,EUTHYROX,LEVOTHYROXINE SODIUM,tiroid,tiroid,Obat Keras,1,TABLET,oral,aktif,1,1
LKE20227016,EXADON,PARACETAMOL. CAFFEINE,xantin,xantin,Khusus Ekspor,0,KAPLET,oral,aktif,1,1
DKI2601700617C1,EXFORGE 10/160,AMLODIPINE BESILATE | VALSARTAN,ace_arb,ace_arb|ccb,Obat Keras,1,TABLET SALUT SELAPUT,oral,aktif,2,1
DKI2570600143A1,EZ RAPID,INSULIN ASPART,antidiabetes,antidiabetes,Obat Keras,1,LARUTAN INJEKSI,parenteral,aktif,1,1
DKL1907923604A1,EZETATIN,SIMVASTATIN. EZETIMIBE,statin,statin,Obat Keras,1,KAPLET; 20 mg /10 MG,oral,kedaluwarsa,1,1
DKL8831500510A1,FARGOXIN,DIGOXIN,glikosida_jantung,glikosida_jantung,Obat Keras,1,"TABLET; 0,25 MG",oral,aktif,1,1
DKL8831500314A1,FARMALAT ER,NIFEDIPINE,ccb,ccb,Obat Keras,1,TABLET PELEPASAN LAMBAT; 10 MG,oral,aktif,1,1
DKL1931544110A1,FARTISON,HYDROCORTISONE,kortikosteroid,kortikosteroid,Obat Keras,1,TABLET,oral,aktif,1,1
DKL0617621553A1,FETIK,KETOPROFEN,nsaid,nsaid,Obat Keras,1,SUPPOSITORIA,rektal/vaginal,aktif,1,1
DKL9807105704A1,FIMEDIAB,GLIBENCLAMIDE,antidiabetes,antidiabetes,Obat Keras,1,KAPLET,oral,aktif,1,1
DKI1585100739A1,FLIXOTIDE,FLUTICASONE PROPIONATE,kortikosteroid,kortikosteroid,Obat Keras,1,AEROSOL,lainnya,aktif,1,1
DKI1026100375B1,FLUTIAS 125,FLUTICASONE PROPIONATE | SALMETEROL XINAFOATE,kortikosteroid,kortikosteroid,Obat Keras,1,INHALER (PADAT),inhalasi,aktif,1,1
DKI2500400456A1,FLUTIC AZ,AZELASTINE HYDROCHLORIDE | FLUTICASONE PROPIONATE,kortikosteroid,kortikosteroid,Obat Keras,1,SEMPROT HIDUNG,lainnya,aktif,1,1
DKL2532410109A1,FORDICA PLUS 500/5,GLIBENCLAMIDE | METFORMIN HYDROCHLORIDE,antidiabetes,antidiabetes,Obat Keras,1,KAPLET SALUT SELAPUT,oral,aktif,1,1
DKI1735301317A1,FORXIGA,DAPAGLIFLOZIN PROPANEDIOL,antidiabetes,antidiabetes,Obat Keras,1,TABLET SALUT SELAPUT; 6.150  mg,oral,aktif,1,1
DKL2333556139A1,FRIVENTIL,SALMETEROL XINAFOATE. FLUTICASONE PROPIONATE,kortikosteroid,kortikosteroid,Obat Keras,1,"AEROSOL; 36,321 MCG /50 mcg",lainnya,aktif,1,1
DKI1414600129A1,FUCICORT,FUSIDIC ACID. BETAMETHASONE VALERATE,kortikosteroid,kortikosteroid,Obat Keras,1,KRIM; 20 MG /1.214 MG,topikal,aktif,1,1
DKL2517634829A1,FUSIBAT BV,BETAMETHASONE VALERATE | FUSIDIC ACID,kortikosteroid,kortikosteroid,Obat Keras,1,KRIM,topikal,aktif,1,1
DKL2042801129A1,FUSIDASOL,BETAMETHASONE DIPROPIONATE | FUSIDIC ACID,kortikosteroid,kortikosteroid,Obat Keras,1,KRIM,topikal,aktif,1,1
GKL2202508001A1,GABAPENTIN,GABAPENTIN,antikonvulsan,antikonvulsan,Obat Keras,1,KAPSUL,oral,aktif,1,1
DKL0203809146A1,GENTASON B,BETAMETHASONE SODIUM PHOSPHATE. GENTAMICIN SULFATE,kortikosteroid,kortikosteroid,Obat Keras,1,"TETES MATA; 1,00 MG /3,00 MG",mata,aktif,1,1
GKL2102363910A1,GLICLAZIDE,GLICLAZIDE,antidiabetes,antidiabetes,Obat Keras,1,TABLET,oral,aktif,1,1
GKL1413319304B1,GLIMEPIRIDE,GLIMEPIRIDE,antidiabetes,antidiabetes,Obat Keras,1,KAPLET,oral,aktif,1,1
DKL2633532701B1,GLINOV,PREGABALIN,antikonvulsan,antikonvulsan,Obat Keras,1,KAPSUL,oral,aktif,1,1
LKE14055071,GLIPIZIDE,GLIPIZIDE,antidiabetes,antidiabetes,Khusus Ekspor,0,TABLET,oral,aktif,1,1
DKL1134609210A1,GLUBOSE,ACARBOSE,antidiabetes,antidiabetes,Obat Keras,1,TABLET,oral,aktif,1,1
DKL1915809314A1,GLUCOPHAGE XR,METFORMIN HYDROCHLORIDE,antidiabetes,antidiabetes,Obat Keras,1,TABLET PELEPASAN LAMBAT,oral,aktif,1,1
DKL1715809217C1,GLUCOVANCE,METFORMIN HYDROCHLORIDE. GLIBENCLAMIDE,antidiabetes,antidiabetes,Obat Keras,1,TABLET SALUT SELAPUT,oral,aktif,1,1
DKL1715719209B1,GLUCOVEL 2,GLIMEPIRIDE. METFORMIN HYDROCHLORIDE,antidiabetes,antidiabetes,Obat Keras,1,KAPLET SALUT SELAPUT; 2 MG /500 MG,oral,aktif,1,1
DKL2518835817B1,GLUSITIN 100,SITAGLIPTIN PHOSPHATE,antidiabetes,antidiabetes,Obat Keras,1,TABLET SALUT SELAPUT,oral,aktif,1,1
DKL2005063417A1,GLUVAS M,GLIMEPIRIDE. KOMBINASI-METFORMIN HCL GRANULES DC 95,antidiabetes,antidiabetes,Obat Keras,1,TABLET SALUT SELAPUT; 2 MG /526.3 MG,oral,aktif,1,1
DKI2424200717A1,GLYXAMBI,EMPAGLIFLOZIN | LINAGLIPTIN,antidiabetes,antidiabetes,Obat Keras,1,TABLET SALUT SELAPUT,oral,aktif,1,1
DKI2124200517A1,GLYXAMBI,EMPAGLIFLOZIN. LINAGLIPTIN,antidiabetes,antidiabetes,Obat Keras,1,TABLET SALUT SELAPUT; 10 MG /5 MG,oral,aktif,1,1
DKL9508003117A1,GOFLEX,NABUMETONE,nsaid,nsaid,Obat Keras,1,TABLET SALUT SELAPUT,oral,aktif,1,1
DKL1727806330A1,HAEMOCAINE,LIDOCAINE HYDROCHLORIDE. HYDROCORTISONE ACETATE,kortikosteroid,kortikosteroid,Obat Keras,1,"SALEP; 50 MG /2,5 MG",topikal,aktif,1,1
DKL9913018929A1,HELTISKIN,CLOTRIMAZOLE. BETAMETHASONE DIPROPIONATE,kortikosteroid,kortikosteroid,Obat Keras,1,KRIM,topikal,aktif,1,1
GKL2133551643A1,HEPARIN SODIUM,HEPARIN SODIUM,antikoagulan,antikoagulan,Obat Keras,1,INJEKSI,parenteral,aktif,1,1
DTL2526204528A1,HOTIN DCL ZERO,DICLOFENAC DIETHYLAMINE,nsaid,nsaid,Obat Bebas Terbatas,0,EMULGEL,topikal,aktif,1,1
DKI2488803343A1,HUMALOG KWIKPEN,INSULIN LISPRO,antidiabetes,antidiabetes,Obat Keras,1,INJEKSI,parenteral,aktif,1,1
GKL2605070044A1,HYDROCORTISONE SODIUM SUCCINATE,HYDROCORTISONE SODIUM SUCCINATE BUFFERED 5 STERILE,kortikosteroid,kortikosteroid,Obat Keras,1,SERBUK INJEKSI,parenteral,aktif,1,1
GKL2113323844A1,HYDROCORTISONE SODIUM SUCCINATE,HYDROCORTISONE SODIUM SUCCINATE,kortikosteroid,kortikosteroid,Obat Keras,1,SERBUK INJEKSI,parenteral,aktif,1,1
DKL0305033810C1,HYPERIL,RAMIPRIL,ace_arb,ace_arb,Obat Keras,1,TABLET,oral,aktif,1,1
LKE22066209,HYZAAR,LOSARTAN POTASSIUM. HYDROCHLOROTHIAZIDE,ace_arb,ace_arb,Khusus Ekspor,0,TABLET SALUT SELAPUT; 100.0 MG /12.50 MG,oral,aktif,1,1
GKL2405067943A1,IBUPROFEN SODIUM DIHYDRATE,IBUPROFEN SODIUM DIHYDRATE,nsaid,nsaid,Obat Keras,1,"INJEKSI; 128,12 MG",parenteral,aktif,1,1
DKL8511603717A1,IFEN 400,IBUPROFEN,nsaid,nsaid,Obat Keras,1,TABLET SALUT SELAPUT,oral,aktif,1,1
GKL2333549610B1,IMIDAPRIL HYDROCHLORIDE,IMIDAPRIL HYDROCHLORIDE,ace_arb,ace_arb,Obat Keras,1,TABLET,oral,aktif,1,1
DKI2159300117A1,IMURAN,AZATHIOPRINE,imunosupresan,imunosupresan,Obat Keras,1,TABLET SALUT SELAPUT,oral,aktif,1,1
DKL9802325410B1,INHITRIL,LISINOPRIL DIHYDRATE,ace_arb,ace_arb,Obat Keras,1,TABLET,oral,aktif,1,1
DKL0117617246A1,INMATROL,POLYMYXIN B SULFATE. NEOMYCIN SULFATE. DEXAMETHASONE SODIUM PHOSPHATE,kortikosteroid,kortikosteroid,Obat Keras,1,"TETES MATA; 6000 IU /5,45 MG /1,46 MG",mata,aktif,1,1
DKL7817608801A1,INTERDOXIN 50,DOXYCYCLINE HYCLATE,antibiotik_tetrasiklin,antibiotik_tetrasiklin,Obat Keras,1,KAPSUL,oral,aktif,1,1
GKL2644410917A1,IRBESARTAN,IRBESARTAN,ace_arb,ace_arb,Obat Keras,1,TABLET SALUT SELAPUT,oral,aktif,1,1
DKL0609318804A1,IRTAN PLUS,HYDROCHLOROTHIAZIDE. IRBESARTAN,ace_arb,ace_arb,Obat Keras,1,"KAPLET; 12,5 mg /300 mg",oral,kedaluwarsa,1,1
DKL0200202717A1,ISOPTIN,VERAPAMIL HYDROCHLORIDE,ccb,ccb,Obat Keras,1,TABLET SALUT SELAPUT; 80 MG,oral,aktif,1,1
LKE17066176,JANUVIA,SITAGLIPTIN PHOSPHATE MONOHYDRATE,antidiabetes,antidiabetes,Khusus Ekspor,0,TABLET SALUT SELAPUT,oral,aktif,1,1
DKI2356100217B1,JARDIANCE DUO,EMPAGLIFLOZIN. METFORMIN HYDROCHLORIDE,antidiabetes,antidiabetes,Obat Keras,1,"TABLET SALUT SELAPUT; 12,5 MG /500 MG",oral,aktif,1,1
DKL0310804829A1,KEMIDERM,CHLORAMPHENICOL. HYDROCORTISONE ACETATE,kortikosteroid,kortikosteroid,Obat Keras,1,KRIM; 20 MG /25 MG,topikal,kedaluwarsa,1,1
DKL1124400130A1,KENALOG IN ORABASE,TRIAMCINOLONE ACETONIDE,kortikosteroid,kortikosteroid,Obat Keras,1,SALEP,topikal,aktif,1,1
DKL2640505643A1,KETOGESIC,KETOROLAC TROMETAMOL,nsaid,nsaid,Obat Keras,1,INJEKSI,parenteral,aktif,1,1
GKL0502337743A1,KETOPROFEN LYSINE,KETOPROFEN LYSINE,nsaid,nsaid,Obat Keras,1,INJEKSI,parenteral,aktif,1,1
DKL9730904629A1,KLORFESON,CHLORAMPHENICOL. PREDNISOLONE,kortikosteroid,kortikosteroid,Obat Keras,1,"KRIM; 20 MG /2,5 MG",topikal,aktif,1,1
DKI2227900514A1,KOMBIGLYZE XR,METFORMIN BULK. SAXAGLIPTIN,antidiabetes,antidiabetes,Obat Keras,1,TABLET PELEPASAN LAMBAT; 1005 MG /5 MG,oral,aktif,1,1
DKL1328911529A1,KORASON N,BETAMETHASONE VALERATE. NEOMYCIN SULFATE,kortikosteroid,kortikosteroid,Obat Keras,1,"KRIM; 1,2 MG /5 MG",topikal,aktif,1,1
DKL1842200229A1,KRIM PI KANG SHUANG,MICONAZOLE NITRATE. NEOMYCIN SULFATE. TRIAMCINOLONE ACETONIDE ACETATE,kortikosteroid,kortikosteroid,Obat Keras,1,"KRIM; 10 MG /4,6 MG /1 MG",topikal,aktif,1,1
DKL2532724010B1,LAMIDO,LAMOTRIGINE,antikonvulsan,antikonvulsan,Obat Keras,1,TABLET,oral,aktif,1,1
DKL2632720817B1,LEPSY,LEVETIRACETAM,antikonvulsan,antikonvulsan,Obat Keras,1,TABLET SALUT SELAPUT,oral,aktif,1,1
DKI2318605317A1,LERREX,LERCANIDIPINE HYDROCHLORIDE HEMIHYDRATE,ccb,ccb,Obat Keras,1,"TABLET SALUT SELAPUT; 10,139 MG",oral,aktif,1,1
DKI2142000543A1,LEVEMIR,INSULIN DETEMIR,antidiabetes,antidiabetes,Obat Keras,1,LARUTAN INJEKSI,parenteral,aktif,1,1
DKL0433306910A1,LEVOBEN,LEVODOPA. BENSERAZIDE HYDROCHLORIDE,dopaminergik_parkinson,dopaminergik_parkinson,Obat Keras,1,"TABLET; 100 mg /29,93 mg",oral,aktif,1,1
DKL0415617681A1,LEVOPAR,BENSERAZIDE HYDROCHLORIDE | LEVODOPA,dopaminergik_parkinson,dopaminergik_parkinson,Obat Keras,1,TABLET DISPERSIBLE,oral,aktif,1,1
DKL9730904429A1,LEXACORTON,HYDROCORTISONE ACETATE,kortikosteroid,kortikosteroid,Obat Keras,1,KRIM,topikal,aktif,1,1
DKL1231533010A1,LUPRED,PREDNISOLONE,kortikosteroid,kortikosteroid,Obat Keras,1,TABLET,oral,aktif,1,1
DKI2262800149A1,MAXIGESIC IV,IBUPROFEN SODIUM DIHYDRATE. PARACETAMOL,nsaid,nsaid,Obat Keras,1,CAIRAN UNTUK INFUS; 385 mg /1000 mg,parenteral,aktif,1,1
DKL2428212209A1,MAXSIMET,METFORMIN HYDROCHLORIDE | SITAGLIPTIN PHOSPHATE,antidiabetes,antidiabetes,Obat Keras,1,KAPLET SALUT SELAPUT,oral,aktif,1,1
DKL0233505337A1,MECLOVEL,BETAMETHASONE | DEXCHLORPHENIRAMINE MALEATE,kortikosteroid,kortikosteroid,Obat Keras,1,SIRUP,oral,aktif,1,1
DKL0605042344A1,MEDIXON,METHYLPREDNISOLONE SODIUM SUCCINATE BUFFERED 3 STERILE,kortikosteroid,kortikosteroid,Obat Keras,1,SERBUK INJEKSI LIOFILISASI,parenteral,aktif,1,1
DTL2615209028A1,MESADEN,PIROXICAM,nsaid,nsaid,Obat Bebas Terbatas,0,GEL,topikal,aktif,1,1
GKL9805024917A1,METFORMIN HCL,METFORMIN HCL GRANULES DC 95,antidiabetes,antidiabetes,Obat Keras,1,TABLET SALUT SELAPUT,oral,aktif,1,1
GKL2534016917A1,METFORMIN HYDROCHLORIDE,METFORMIN HYDROCHLORIDE DC GRANULES 90,antidiabetes,antidiabetes,Obat Keras,1,TABLET SALUT SELAPUT,oral,aktif,1,1
GKL2044300743A1,METHOTREXATE,METHOTREXATE,imunosupresan,imunosupresan,Obat Keras,1,INJEKSI,parenteral,aktif,1,1
GKL1413708144A1,METHYLPREDNISOLONE SODIUM SUCCINATE,METHYLPREDNISOLONE SODIUM SUCCINATE,kortikosteroid,kortikosteroid,Obat Keras,1,SERBUK INJEKSI + PELARUT,parenteral,aktif,1,1
DKL2413326009A1,METSIT,METFORMIN HYDROCHLORIDE | SITAGLIPTIN PHOSPHATE MONOHYDRATE,antidiabetes,antidiabetes,Obat Keras,1,KAPLET SALUT SELAPUT,oral,aktif,1,1
DKL1823414837A1,MEXON,DEXAMETHASONE. DEXCHLORPHENIRAMINE MALEATE,kortikosteroid,kortikosteroid,Obat Keras,1,"SIRUP; 0,50 MG /2 MG",oral,aktif,1,1
DKI2055200110A1,MICARDIS PLUS,TELMISARTAN. HYDROCHLOROTHIAZIDE,ace_arb,ace_arb,Obat Keras,1,TABLET; 40 MG /12.5 MG,oral,kedaluwarsa,1,1
DKI2455200410A1,MICARDIS PLUS,HYDROCHLOROTHIAZIDE | TELMISARTAN,ace_arb,ace_arb,Obat Keras,1,TABLET,oral,aktif,1,1
DKL1833541417A1,MIGRATOP,TOPIRAMATE,antikonvulsan,antikonvulsan,Obat Keras,1,TABLET SALUT SELAPUT,oral,aktif,1,1
DKL8506302509A1,MIXALGIN,METAMIZOLE SODIUM. THIAMINE MONONITRATE. PYRIDOXINE HYDROCHLORIDE. CYANOCOBALAMIN. CAFFEINE,xantin,xantin,Obat Keras,1,KAPLET SALUT SELAPUT; 500 MG /50 MG /10 MG /10 MCG /50 MG,oral,aktif,1,1
DKL9730903210B1,"MOLACORT 0,5",DEXAMETHASONE,kortikosteroid,kortikosteroid,Obat Keras,1,TABLET,oral,aktif,1,1
DKL2330914749A1,MOLAFLOX,LEVOFLOXACIN HEMIHYDRATE,antibiotik_fluorokuinolon,antibiotik_fluorokuinolon,Obat Keras,1,INFUS,parenteral,aktif,1,1
GKL2617635829A1,MOMETASONE FUROATE,MOMETASONE FUROATE,kortikosteroid,kortikosteroid,Obat Keras,1,KRIM,topikal,aktif,1,1
DKL1441001129A1,MORVALE,BETAMETHASONE VALERATE,kortikosteroid,kortikosteroid,Obat Keras,1,KRIM,topikal,aktif,1,1
GKL2640818149A1,MOXIFLOXACIN HYDROCHLORIDE,MOXIFLOXACIN HYDROCHLORIDE,antibiotik_fluorokuinolon,antibiotik_fluorokuinolon,Obat Keras,1,INFUS,parenteral,aktif,1,1
DKI2121001315A1,MYFORTIC,MYCOPHENOLATE SODIUM,imunosupresan,imunosupresan,Obat Keras,1,TABLET SALUT ENTERIK,oral,aktif,1,1
DKI2526101356A1,NASEHALER,MOMETASONE FUROATE MONOHYDRATE,kortikosteroid,kortikosteroid,Obat Keras,1,SEMPROT HIDUNG,lainnya,aktif,1,1
DKI1768601614A1,NATEXAM,INDAPAMIDE. AMLODIPINE BESILATE,ccb,ccb,Obat Keras,1,TABLET PELEPASAN LAMBAT; 1.5 MG /6.935 MG,oral,aktif,1,1
DKL9907913446A1,NELYDEX,DEXAMETHASONE SODIUM PHOSPHATE. POLYMYXIN B SULFATE. NEOMYCIN SULFATE,kortikosteroid,kortikosteroid,Obat Keras,1,"TETES MATA; 1,316 MG /0,776 MG /5,050 MG",mata,kedaluwarsa,1,1
DTL8606302804A1,NEO REMAT,IBUPROFEN. PARACETAMOL,nsaid,nsaid,Obat Bebas Terbatas,0,KAPLET; 200 MG /350 MG,oral,aktif,1,1
DTL0322717909A1,NEO RHEUMACYL NEURO,CYANOCOBALAMIN | IBUPROFEN | PYRIDOXINE HYDROCHLORIDE | THIAMINE MONONITRATE,nsaid,nsaid,Obat Bebas Terbatas,0,KAPLET SALUT SELAPUT,oral,aktif,1,1
DKL2511648309A1,NEURALGIN RX,CAFFEINE | CYANOCOBALAMIN | METAMIZOLE SODIUM | PYRIDOXINE HYDROCHLORIDE | THIAMINE HYDROCHLORIDE,xantin,xantin,Obat Keras,1,KAPLET SALUT SELAPUT,oral,aktif,1,1
DKL0615807815A1,NEUROFENAC PLUS,CYANOCOBALAMIN | DICLOFENAC SODIUM | PYRIDOXINE HYDROCHLORIDE | THIAMINE MONONITRATE,nsaid,nsaid,Obat Keras,1,TABLET SALUT ENTERIK,oral,aktif,1,1
DKI1435301001A1,NIFTEN,NIFEDIPINE. ATENOLOL,ccb,ccb,Obat Keras,1,KAPSUL; 20 MG /50 MG,oral,kedaluwarsa,1,1
DKL9409309601B1,NOMIKA 100,MINOCYCLINE HYDROCHLORIDE,antibiotik_tetrasiklin,antibiotik_tetrasiklin,Obat Keras,1,KAPSUL,oral,aktif,1,1
DKL1333528301A1,NOVEXIB,CELECOXIB,nsaid,nsaid,Obat Keras,1,KAPSUL,oral,aktif,1,1
DKL2233555630A1,NOVOVENT-S,BENZOCAINE. CETRIMIDE. LIDOCAINE. PREDNISOLONE. LITHOSPERMI RADIX EXTRACT,kortikosteroid,kortikosteroid,Obat Keras,1,"SALEP; 10 mg /1,250 mg /7,5 mg /0,5 mg /0,1 mg",topikal,aktif,1,1
DKL2043005729A1,NUCORT,HYDROCORTISONE | MICONAZOLE NITRATE,kortikosteroid,kortikosteroid,Obat Keras,1,KRIM,topikal,aktif,1,1
DKL2543012309A1,NUGIN RX,CAFFEINE | CYANOCOBALAMIN | METAMIZOLE SODIUM | PYRIDOXINE HYDROCHLORIDE | THIAMINE MONONITRATE,xantin,xantin,Obat Keras,1,KAPLET SALUT SELAPUT,oral,aktif,1,1
DKL2018218410A1,NUZARTAN,TELMISARTAN GRANULE,ace_arb,ace_arb,Obat Keras,1,TABLET,oral,aktif,1,1
DBL2003400723A1,OBAT SAKIT KEPALA CAP PEDANG,ACETYLSALICYLIC ACID. PARACETAMOL. CAFFEINE,nsaid,nsaid|xantin,Obat Bebas,0,SERBUK; 400 MG /250 MG /50 MG,oral,kedaluwarsa,2,1
DTL2004703023A1,OBAT SAKIT KEPALA U55 EXTRA,PARACETAMOL. IBUPROFEN. CAFFEINE,nsaid,nsaid|xantin,Obat Bebas Terbatas,0,SERBUK; 350 MG /200 MG /50 MG,oral,aktif,2,1
DBL1704702923A1,OBAT SAKIT KEPALA UI,ACETYLSALICYLIC ACID. CAFFEINE. PARACETAMOL,nsaid,nsaid|xantin,Obat Bebas,0,SERBUK; 250 MG /50 MG /400 MG,oral,aktif,2,1
GKL2533558917A1,OLMESARTAN MEDOXOMIL,OLMESARTAN MEDOXOMIL,ace_arb,ace_arb,Obat Keras,1,TABLET SALUT SELAPUT,oral,aktif,1,1
DKI1949000217A1,OLODUO,ROSUVASTATIN CALCIUM. OLMESARTAN MEDOXOMIL,ace_arb,ace_arb|statin,Obat Keras,1,TABLET SALUT SELAPUT; 10.40 mg /20.00 MG,oral,kedaluwarsa,2,1
DKL2540001546A1,OPHTADEX,DEXAMETHASONE SODIUM PHOSPHATE | TOBRAMYCIN,kortikosteroid,kortikosteroid,Obat Keras,1,TETES MATA,mata,aktif,1,1
DTL1030705210A1,OSKADON EXTRA,IBUPROFEN. CAFFEINE. PARACETAMOL,nsaid,nsaid|xantin,Obat Bebas Terbatas,0,TABLET; 200 MG /50 MG /350 MG,oral,kedaluwarsa,2,1
DTL0830703910A1,OSKADON MIGRA,CAFFEINE  PARACETAMOL  PROPYPHENAZONE,xantin,xantin,Obat Bebas Terbatas,0,TABLET,oral,aktif,1,1
DTL2430710417A1,OSKADON SP NEURO,IBUPROFEN. THIAMINE MONONITRATE. PYRIDOXINE HYDROCHLORIDE. CYANOCOBALAMIN,nsaid,nsaid,Obat Bebas Terbatas,0,TABLET SALUT SELAPUT; 200 MG /50 MG /100 MG /100 MCG,oral,aktif,1,1
DKL1706318248A1,OTOZAMBON,NEOMYCIN SULFATE. BETAMETHASONE. POLYMYXIN B SULFATE. LIDOCAINE HYDROCHLORIDE,kortikosteroid,kortikosteroid,Obat Keras,1,TETES TELINGA; 3390 IU /1 MG /10000 IU /40 MG,telinga,aktif,1,1
DKL0904426629A1,OVISKIN-N,BETAMETHASONE VALERATE | NEOMYCIN SULFATE,kortikosteroid,kortikosteroid,Obat Keras,1,KRIM,topikal,aktif,1,1
DKL0903812746A1,P-PRED,PREDNISOLONE ACETATE,kortikosteroid,kortikosteroid,Obat Keras,1,TETES MATA; 10 MG,mata,aktif,1,1
DBL2660400210A1,PANAGRIP EXTRA,CAFFEINE | PARACETAMOL,xantin,xantin,Obat Bebas,0,TABLET,oral,aktif,1,1
DKI2467300117B1,PANSIPTIN 100,SITAGLIPTIN HYDROCHLORIDE MONOHYDRATE,antidiabetes,antidiabetes,Obat Keras,1,"TABLET SALUT SELAPUT; 113,37 mg",oral,aktif,1,1
LKE14147029,PARACETAMOL + CAFFEIN ANHYDROUS + PHENYLEPHRINE HCL,PARACETAMOL. CAFFEINE. PHENYLEPHRINE HYDROCHLORIDE,xantin,xantin,Khusus Ekspor,0,TABLET; 500 MG /25 MG /5 MG,oral,kedaluwarsa,1,1
DTL7813003810A1,PARAMEX,CAFFEINE | DEXCHLORPHENIRAMINE MALEATE | PARACETAMOL | PROPYPHENAZONE,xantin,xantin,Obat Bebas Terbatas,0,TABLET,oral,aktif,1,1
DTL9613013110A1,PARAMEX NYERI OTOT,IBUPROFEN | PARACETAMOL,nsaid,nsaid,Obat Bebas Terbatas,0,TABLET,oral,aktif,1,1
DTL8606303009A1,PARAZON,PROPYPHENAZONE. CAFFEINE. PARACETAMOL,xantin,xantin,Obat Bebas Terbatas,0,KAPLET SALUT SELAPUT; 150 MG /50 MG /250 MG,oral,aktif,1,1
DKL0919927343A1,PHAMINOV,AMINOPHYLLINE,xantin,xantin,Obat Keras,1,INJEKSI; 24 MG,parenteral,aktif,1,1
GKL1515623643A1,PHENYTOIN SODIUM,PHENYTOIN SODIUM,antikonvulsan,antikonvulsan,Obat Keras,1,INJEKSI,parenteral,aktif,1,1
LKE21189008,PIMTRACOLD,CHLORPHENAMINE MALEATE. CAFFEINE. PARACETAMOL. PSEUDOEPHEDRINE HYDROCHLORIDE,xantin,xantin,Khusus Ekspor,0,TABLET; 2 MG /30 MG /500 MG /30 MG,oral,kedaluwarsa,1,1
GKL1613711110B1,PIOGLITAZONE HCL,PIOGLITAZONE HYDROCHLORIDE,antidiabetes,antidiabetes,Obat Keras,1,TABLET,oral,aktif,1,1
GKL2432723617B1,PITAVASTATIN CALCIUM HYDRATE,PITAVASTATIN CALCIUM HYDRATE,statin,statin,Obat Keras,1,TABLET SALUT SELAPUT,oral,aktif,1,1
DKL2206321529A1,PIZOLON,TRIAMCINOLONE ACETONIDE. MICONAZOLE NITRATE. NEOMYCIN SULFATE,kortikosteroid,kortikosteroid,Obat Keras,1,"KRIM; 1 mg /10 mg /4,6 mg",topikal,aktif,1,1
LKE25222018,POLDAN MIG,ACETYLSALICYLIC ACID | CAFFEINE ANHYDROUS | PARACETAMOL,nsaid,nsaid|xantin,Khusus Ekspor,0,KAPLET SALUT SELAPUT,oral,aktif,2,1
DKL0922245831A1,POLIDEMISIN,NEOMYCIN SULFATE. POLYMYXIN B SULFATE. DEXAMETHASONE,kortikosteroid,kortikosteroid,Obat Keras,1,SALEP MATA; 1 MG,mata,aktif,1,1
DKL8503803746A1,POLYDEX,DEXAMETHASONE SODIUM PHOSPHATE | NEOMYCIN SULFATE | POLYMYXIN B SULFATE,kortikosteroid,kortikosteroid,Obat Keras,1,TETES MATA,mata,aktif,1,1
DKL8603805546A1,POLYPRED,PREDNISOLONE ACETATE. POLYMYXIN B SULFATE. NEOMYCIN SULFATE,kortikosteroid,kortikosteroid,Obat Keras,1,TETES MATA; 5 MG /10.000 IU /5 MG,mata,aktif,1,1
DKI1152502201C1,PRADAXA,DABIGATRAN ETEXILATE,antikoagulan,antikoagulan,Obat Keras,1,KAPSUL; 150 MG,oral,kedaluwarsa,1,1
DKI2452504001B1,PRADAXA,DABIGATRAN ETEXILATE MESILATE,antikoagulan,antikoagulan,Obat Keras,1,KAPSUL,oral,aktif,1,1
DKL0817623004B1,PRAVINAT 20,PRAVASTATIN SODIUM,statin,statin,Obat Keras,1,KAPLET,oral,aktif,1,1
GKL9527900410A1,PREDNISONE,PREDNISONE,kortikosteroid,kortikosteroid,Obat Keras,1,TABLET,oral,aktif,1,1
LKE22212027,PROCTOSEDYL,HYDROCORTISONE. CINCHOCAINE HYDROCHLORIDE. FRAMYCETIN SULFATE. AESCULIN,kortikosteroid,kortikosteroid,Khusus Ekspor,0,SUPPOSITORIA; 5.00 MG /5.00 MG /10.00 MG /10.00 MG,rektal/vaginal,aktif,1,1
DKL1633213610A1,PRODEX,DEXAMETHASONE | DEXCHLORPHENIRAMINE MALEATE,kortikosteroid,kortikosteroid,Obat Keras,1,TABLET,oral,aktif,1,1
DKI1108000201A1,PROGRAF,TACROLIMUS,imunosupresan,imunosupresan,Obat Keras,1,KAPSUL,oral,aktif,1,1
LKE20055137,PROPYLTHIOURACIL,PROPYLTHIOURACIL,tiroid,tiroid,Khusus Ekspor,0,TABLET,oral,aktif,1,1
DTL2113028310A1,PROTAMOL,PARACETAMOL. IBUPROFEN. CAFFEINE. DEXCHLORPHENIRAMINE MALEATE,nsaid,nsaid|xantin,Obat Bebas Terbatas,0,TABLET; 350 mg /200 mg /50 mg /1 mg,oral,aktif,2,1
DKL2635316917C1,PROXIB 120,ETORICOXIB,nsaid,nsaid,Obat Keras,1,TABLET SALUT SELAPUT,oral,aktif,1,1
DKL0722244581A1,PROXIME,ACETYLSALICYLIC ACID. GLYCINE,nsaid,nsaid,Obat Keras,1,TABLET DISPERSIBLE; 100 MG /45 MG,oral,aktif,1,1
DKI1151302568A1,PULMICORT RESPULES,BUDESONIDE,kortikosteroid,kortikosteroid,Obat Keras,1,CAIRAN INHALASI,inhalasi,aktif,1,1
DBL1718907323A1,PUYER PIM,PARACETAMOL. ACETYLSALICYLIC ACID. CAFFEINE,nsaid,nsaid|xantin,Obat Bebas,0,SERBUK ORAL; 350 MG /300 MG /50 MG,oral,aktif,2,1
DKI2451304617A1,QTERN,DAPAGLIFLOZIN PROPANEDIOL. SAXAGLIPTIN,antidiabetes,antidiabetes,Obat Keras,1,TABLET SALUT SELAPUT; 12.3 mg /5 mg,oral,aktif,1,1
DKI1875705067A1,RELVAR ELLIPTA,FLUTICASONE FUROATE | VILANTEROL TRIFENATATE,kortikosteroid,kortikosteroid,Obat Keras,1,SERBUK INHALER,oral,aktif,1,1
LKE25066211,RENITEC PLUS,ENALAPRIL MALEATE | HYDROCHLOROTHIAZIDE,ace_arb,ace_arb,Khusus Ekspor,0,TABLET,oral,aktif,1,1
LKE13147022,REXIDOL FORTE,CAFFEINE. PARACETAMOL,xantin,xantin,Khusus Ekspor,0,TABLET; 65 mg /500 MG,oral,aktif,1,1
IKE24669001,ROSUZET,EZETIMIBE. ROSUVASTATIN CALCIUM,statin,statin,Khusus Ekspor,0,"KOMBINASI BEBERAPA BENTUK SEDIAAN DALAM SATU KEMASAN; 10 MG /41,583 MG",lainnya,aktif,1,1
LKE25066212,ROSUZET,EZETIMIBE | ROSUVASTATIN CALCIUM,statin,statin,Khusus Ekspor,0,KOMBINASI BEBERAPA BENTUK SEDIAAN DALAM SATU KEMASAN,lainnya,aktif,1,1
DKL2434617217A1,ROXAF,RIVAROXABAN,antikoagulan,antikoagulan,Obat Keras,1,TABLET SALUT SELAPUT,oral,aktif,1,1
DKI2232300743A1,RYZODEG,INSULIN DEGLUDEC. INSULIN ASPART,antidiabetes,antidiabetes,Obat Keras,1,LARUTAN INJEKSI; 70 U /30 U,parenteral,aktif,1,1
DKI2232300743A2,RYZODEG,INSULIN ASPART | INSULIN DEGLUDEC,antidiabetes,antidiabetes,Obat Keras,1,LARUTAN INJEKSI,parenteral,aktif,1,1
DKI2218604817A1,SACUVAN,SACUBITRIL VALSARTAN SODIUM,ace_arb,ace_arb,Obat Keras,1,TABLET SALUT SELAPUT,oral,aktif,1,1
DKL9906411829A1,SALGEN PLUS,GENTAMICIN SULFATE. BETAMETHASONE VALERATE,kortikosteroid,kortikosteroid,Obat Keras,1,"KRIM; 1,785 mg /1,26 MG",topikal,aktif,1,1
DKL7622252130A1,SANCORTMYCIN,HYDROCORTISONE. OXYTETRACYCLINE HYDROCHLORIDE,kortikosteroid,kortikosteroid,Obat Keras,1,SALEP; 10 MG /- MG,topikal,aktif,1,1
DKL2222263709A1,SANOFETIL,MYCOPHENOLATE MOFETIL,imunosupresan,imunosupresan,Obat Keras,1,KAPLET SALUT SELAPUT,oral,aktif,1,1
DTL0502005210A1,SARIDON,CAFFEINE | PARACETAMOL | PROPYPHENAZONE,xantin,xantin,Obat Bebas Terbatas,0,TABLET,oral,aktif,1,1
DKL9422710629A1,SCANDERMA PLUS,BACITRACIN ZINC | BETAMETHASONE DIPROPIONATE | NEOMYCIN SULFATE,kortikosteroid,kortikosteroid,Obat Keras,1,KRIM,topikal,aktif,1,1
DKL2522730029A1,SCANDEXON,CLOTRIMAZOLE | DEXAMETHASONE ACETATE,kortikosteroid,kortikosteroid,Obat Keras,1,KRIM,topikal,aktif,1,1
DKI2008101043A1,SCILIN N,HUMAN INSULIN,antidiabetes,antidiabetes,Obat Keras,1,INJEKSI; 100 IU,parenteral,kedaluwarsa,1,1
DKI1191600568B2,SERETIDE 125,SALMETEROL XINAFOATE. FLUTICASONE PROPIONAT,kortikosteroid,kortikosteroid,Obat Keras,1,CAIRAN INHALASI; 25 MCG /125 MCG,inhalasi,aktif,1,1
DKI1991500167A1,SERETIDE DISKUS,FLUTICASONE PROPIONATE. SALMETEROL XINAFOATE,kortikosteroid,kortikosteroid,Obat Keras,1,SERBUK INHALER; 100 MCG /72.5 mcg,oral,aktif,1,1
DKI2550315017A1,SIDAPVIA,DAPAGLIFLOZIN PROPANEDIOL | SITAGLIPTIN PHOSPHATE MONOHYDRATE,antidiabetes,antidiabetes,Obat Keras,1,TABLET SALUT SELAPUT,oral,aktif,1,1
DKL9531511110A1,SIMARC 2,WARFARIN SODIUM CLATHRATE,antikoagulan,antikoagulan,Obat Keras,1,TABLET,oral,aktif,1,1
DKL2128210443A1,SIMPROFEN,DEXKETOPROFEN TROMETAMOL,nsaid,nsaid,Obat Keras,1,INJEKSI,parenteral,aktif,1,1
DKL2428212304A1,SIMSARTAN 40,TELMISARTAN POWDER 23.9,ace_arb,ace_arb,Obat Keras,1,KAPLET; 167.5 MG,oral,aktif,1,1
GKL2616914717A1,SIMVASTATIN,SIMVASTATIN,statin,statin,Obat Keras,1,TABLET SALUT SELAPUT,oral,aktif,1,1
LKE13066095,SINEMET,CARBIDOPA MONOHYDRATE | LEVODOPA,dopaminergik_parkinson,dopaminergik_parkinson,Khusus Ekspor,0,TABLET,oral,aktif,1,1
LKE20066189,SINEMET CR,LEVODOPA. CARBIDOPA,dopaminergik_parkinson,dopaminergik_parkinson,Khusus Ekspor,0,TABLET PELEPASAN LAMBAT; 200 MG /54  MG,oral,kedaluwarsa,1,1
LKE20066193,SINEMET CR,CARBIDOPA. LEVODOPA,dopaminergik_parkinson,dopaminergik_parkinson,Khusus Ekspor,0,TABLET PELEPASAN LAMBAT; 50 MG /200 MG,oral,kedaluwarsa,1,1
GKL2343503417A1,SITAGLIPTIN HYDROCHLORIDE MONOHYDRATE / METFORMIN HYDROCHLORIDE,SITAGLIPTIN HYDROCHLORIDE MONOHYDRATE. METFORMIN HYDROCHLORIDE,antidiabetes,antidiabetes,Obat Keras,1,"TABLET SALUT SELAPUT; 56,687 MG /1000 MG",oral,aktif,1,1
GKL2443503417B1,SITAGLIPTIN HYDROCHLORIDE MONOHYDRATE / METFORMIN HYDROCHLORIDE,METFORMIN HYDROCHLORIDE | SITAGLIPTIN HYDROCHLORIDE MONOHYDRATE,antidiabetes,antidiabetes,Obat Keras,1,TABLET SALUT SELAPUT,oral,aktif,1,1
GKL1619932537A1,SODIUM VALPROATE,SODIUM VALPROATE,antikonvulsan,antikonvulsan,Obat Keras,1,SIRUP,oral,aktif,1,1
DKL2040813644A1,SOLFION,METHYLPREDNISOLONE SODIUM SUCCINATE AND PHOSPHATE BUFFER 3 LYOPHILLIZED,kortikosteroid,kortikosteroid,Obat Keras,1,SERBUK INJEKSI,parenteral,aktif,1,1
DKL1240801210B1,SOLFION 8,METHYLPREDNISOLONE,kortikosteroid,kortikosteroid,Obat Keras,1,TABLET,oral,aktif,1,1
DKI1959203043A1,SOLIQUA,INSULIN GLARGINE. LIXISENATIDE,antidiabetes,antidiabetes,Obat Keras,1,LARUTAN INJEKSI; 100 IU /33 MCG,parenteral,aktif,1,1
GKL2608522510B1,SPIRONOLACTONE,SPIRONOLACTONE,diuretik_hemat_kalium,diuretik_hemat_kalium,Obat Keras,1,TABLET,oral,aktif,1,1
DKI2180901417C1,STALEVO,CARBIDOPA MONOHYDRATE | ENTACAPONE | LEVODOPA,dopaminergik_parkinson,dopaminergik_parkinson,Obat Keras,1,TABLET SALUT SELAPUT,oral,aktif,1,1
DKL9208501204A1,STANZA 500,MEFENAMIC ACID,nsaid,nsaid,Obat Keras,1,KAPLET,oral,aktif,1,1
LKE23227018,SUDREX EXTRA,ACETYLSALICYLIC ACID | CAFFEINE | PARACETAMOL,nsaid,nsaid|xantin,Khusus Ekspor,0,TABLET,oral,aktif,2,1
DKI0251302067A1,SYMBICORT,FORMOTEROL FUMARATE DIHYDRATE. BUDESONIDE,kortikosteroid,kortikosteroid,Obat Keras,1,SERBUK INHALER; 4.5 MCG /80 MCG,oral,aktif,1,1
DKI2004900268A1,SYMBICORT RAPIHALER,BUDESONIDE | FORMOTEROL FUMARATE DIHYDRATE,kortikosteroid,kortikosteroid,Obat Keras,1,SUSPENSI INHALASI,oral,aktif,1,1
DTL2006512204A1,TABOS EXTRA,PARACETAMOL. CAFFEINE. IBUPROFEN,nsaid,nsaid|xantin,Obat Bebas Terbatas,0,KAPLET; 350 MG /50 MG /200 MG,oral,aktif,2,1
GKL2443504110A1,TELMISARTAN,TELMISARTAN 40 MG,ace_arb,ace_arb,Obat Keras,1,TABLET,oral,aktif,1,1
GKL2443504110B1,TELMISARTAN,TELMISARTAN 80 MG,ace_arb,ace_arb,Obat Keras,1,TABLET,oral,aktif,1,1
GKL1705056910B1,TELMISARTAN,TELMISARTAN,ace_arb,ace_arb,Obat Keras,1,TABLET,oral,aktif,1,1
DKL2234616310A1,TELSAT AM,TELMISARTAN. AMLODIPINE BESILATE,ace_arb,ace_arb|ccb,Obat Keras,1,TABLET; 40 MG /6.93 MG,oral,aktif,2,1
DKL9004112610B1,TENACE 10,ENALAPRIL MALEATE,ace_arb,ace_arb,Obat Keras,1,TABLET; 10.00 MG,oral,aktif,1,1
DKL8805004810A1,TEOSAL,SALBUTAMOL SULFATE | THEOPHYLLINE,xantin,xantin,Obat Keras,1,TABLET,oral,aktif,1,1
DKL8509202230A1,TERIKORTIN,HYDROCORTISONE ACETATE. TETRACYCLINE HYDROCHLORIDE,antibiotik_tetrasiklin,antibiotik_tetrasiklin|kortikosteroid,Obat Keras,1,SALEP; 10 MG /30 MG,topikal,aktif,2,1
GKL0734007501A1,TETRACYCLINE HCL,TETRACYCLINE HYDROCHLORIDE,antibiotik_tetrasiklin,antibiotik_tetrasiklin,Obat Keras,1,KAPSUL,oral,aktif,1,1
DKL9308001129A1,THECORT,MICONAZOLE NITRATE. HYDROCORTISONE,kortikosteroid,kortikosteroid,Obat Keras,1,KRIM; 20 MG /10 MG,topikal,aktif,1,1
GKL2605069906A1,THEOPHYLLINE,THEOPHYLLINE,xantin,xantin,Obat Keras,1,KAPLET PELEPASAN LAMBAT,oral,aktif,1,1
DTL7226108930A1,THROMBOPHOB,HEPARIN SODIUM. BENZYL NICOTINATE,antikoagulan,antikoagulan,Obat Bebas Terbatas,0,SALEP; 50 IU /2.5 MG,topikal,kedaluwarsa,1,1
DTL2526112428A1,THROMBOVOREN,DICLOFENAC DIETHYLAMINE | HEPARIN SODIUM,antikoagulan,antikoagulan|nsaid,Obat Bebas Terbatas,0,EMULGEL,topikal,aktif,2,1
DKI0063401417A2,THYROZOL,THIAMAZOLE,tiroid,tiroid,Obat Keras,1,TABLET SALUT SELAPUT,oral,aktif,1,1
DKI2154801017A1,TIDYP,LINAGLIPTIN,antidiabetes,antidiabetes,Obat Keras,1,TABLET SALUT SELAPUT,oral,aktif,1,1
DKL0203808346A1,TOBROSON,TOBRAMYCIN. DEXAMETHASONE SODIUM PHOSPHATE,kortikosteroid,kortikosteroid,Obat Keras,1,"TETES MATA; 3,00 MG /1,30 MG",mata,aktif,1,1
DKL0203808431A1,TOBROSON,TOBRAMYCIN. DEXAMETHASONE,kortikosteroid,kortikosteroid,Obat Keras,1,"SALEP MATA; 3,15 MG /1,05 MG",mata,aktif,1,1
DKL0203808431A2,TOBROSON,DEXAMETHASONE. TOBRAMYCIN,kortikosteroid,kortikosteroid,Obat Keras,1,SALEP MATA; 1 mg /3  MG,mata,aktif,1,1
DKI1352503017C1,TRAJENTA DUO,METFORMIN HYDROCHLORIDE. LINAGLIPTIN,antidiabetes,antidiabetes,Obat Keras,1,"TABLET SALUT SELAPUT; 2,5 MG /1000 MG",oral,aktif,1,1
DKI2460500217A1,TRAJENTA DUO,LINAGLIPTIN | METFORMIN HYDROCHLORIDE,antidiabetes,antidiabetes,Obat Keras,1,TABLET SALUT SELAPUT,oral,aktif,1,1
DKI1352503017A1,TRAJENTA DUO,LINAGLIPTIN. METFORMIN HYDROCHLORIDE,antidiabetes,antidiabetes,Obat Keras,1,"TABLET SALUT SELAPUT; 2,5 mg /500 MG",oral,aktif,1,1
DKI2575705167B1,TRELEGY ELLIPTA,FLUTICASONE FUROATE | UMECLIDINIUM BROMIDE | VILANTEROL TRIFENATATE,kortikosteroid,kortikosteroid,Obat Keras,1,SERBUK INHALER,oral,aktif,1,1
DKI2132300643A2,TRESIBA,INSULIN DEGLUDEC,antidiabetes,antidiabetes,Obat Keras,1,LARUTAN INJEKSI,parenteral,aktif,1,1
GKL1205047010A1,TRIAMCINOLONE,TRIAMCINOLONE,kortikosteroid,kortikosteroid,Obat Keras,1,TABLET,oral,aktif,1,1
DKI2131600817A1,TRIPLIXAM,AMLODIPINE BESILATE | INDAPAMIDE | PERINDOPRIL ARGININE,ccb,ccb,Obat Keras,1,TABLET SALUT SELAPUT,oral,aktif,1,1
DKI2424200910A1,TWYNSTA,AMLODIPINE BESILATE | TELMISARTAN,ace_arb,ace_arb|ccb,Obat Keras,1,TABLET,oral,aktif,2,1
DKI1701700417A1,UPERIO,"SACUBITRIL VALSARTAN SODIUM HYDRATE 56.551 MG  SACUBITRIL 24,3 MG DAN VALSARTAN 25,7 MG",ace_arb,ace_arb,Obat Keras,1,TABLET SALUT SELAPUT,oral,aktif,1,1
DKI1701700417C1,UPERIO,"SACUBITRIL VALSARTAN SODIUM HYDRATE 226.206 MG  SACUBITRIL 97,2 MG DAN VALSARTAN 102,8 MG",ace_arb,ace_arb,Obat Keras,1,TABLET SALUT SELAPUT,oral,aktif,1,1
DKI1701700417B1,UPERIO,"SACUBITRIL VALSARTAN SODIUM HYDRATE 113.103 MG  SACUBITRIL 48,6 MG DAN VALSARTAN 51,4 MG",ace_arb,ace_arb,Obat Keras,1,TABLET SALUT SELAPUT,oral,aktif,1,1
GKL2044401817B1,VALSARTAN,VALSARTAN,ace_arb,ace_arb,Obat Keras,1,TABLET SALUT SELAPUT,oral,aktif,1,1
DKL9207802429A1,VANQUIN PLUS,CHLORAMPHENICOL | HYDROCORTISONE ACETATE,kortikosteroid,kortikosteroid,Obat Keras,1,KRIM,topikal,aktif,1,1
DKI1953000309A1,VARDIPIN 5/160,VALSARTAN. AMLODIPINE BESILATE,ace_arb,ace_arb|ccb,Obat Keras,1,"KAPLET SALUT SELAPUT; 160 MG /6,94 MG",oral,aktif,2,1
DKL1121635129A1,VASLONE,HYDROCORTISONE. MICONAZOLE NITRATE,kortikosteroid,kortikosteroid,Obat Keras,1,KRIM; 10 MG /20 MG,topikal,aktif,1,1
DKL1433531509A1,VELACOM PLUS 1/250,GLIMEPIRIDE | METFORMIN HYDROCHLORIDE,antidiabetes,antidiabetes,Obat Keras,1,KAPLET SALUT SELAPUT,oral,aktif,1,1
DKL7822251529A1,VISANCORT,CAMPHOR. CLIOQUINOL. HYDROCORTISONE,kortikosteroid,kortikosteroid,Obat Keras,1,KRIM; 10 MG /10 MG /10 MG,topikal,kedaluwarsa,1,1
DKL9930409514B1,VOLTAREN SR 75,DICLOFENAC SODIUM,nsaid,nsaid,Obat Keras,1,TABLET PELEPASAN LAMBAT,oral,aktif,1,1
DKL2231549510A1,VOLTERI,CANDESARTAN CILEXETIL. AMLODIPINE BESILATE,ace_arb,ace_arb|ccb,Obat Keras,1,"TABLET; 8 MG /6,93 MG",oral,aktif,2,1
LKE18066181,VYTORIN,EZETIMIBE | SIMVASTATIN,statin,statin,Khusus Ekspor,0,TABLET,oral,aktif,1,1
DKL2409504917B1,XALIQUIS 2.5,APIXABAN 2.5 MG,antikoagulan,antikoagulan,Obat Keras,1,TABLET SALUT SELAPUT,oral,aktif,1,1
DKL2409504917A1,XALIQUIS 5,APIXABAN 5 MG,antikoagulan,antikoagulan,Obat Keras,1,TABLET SALUT SELAPUT,oral,aktif,1,1
DKI2527900214A1,XIGDUO XR,DAPAGLIFLOZIN PROPANEDIOL | METFORMIN HYDROCHLORIDE,antidiabetes,antidiabetes,Obat Keras,1,TABLET SALUT SELAPUT PELEPASAN LAMBAT,oral,aktif,1,1
DKI1827900217A1,XIGDUO XR,DAPAGLIFLOZIN PROPANEDIOL. METFORMIN HYDROCHLORIDE,antidiabetes,antidiabetes,Obat Keras,1,"TABLET SALUT SELAPUT; 6,150 MG /502.61 MG",oral,aktif,1,1
DKL9513011046A1,XIMEX OPTIXITROL,NEOMYCIN SULFATE. DEXAMETHASONE SODIUM PHOSPHATE. POLYMYXIN B SULFATE,kortikosteroid,kortikosteroid,Obat Keras,1,TETES MATA; - MG /- MG /6000 IU,mata,aktif,1,1
DKI1405100217A1,ZANIDIP,LERCANIDIPINE HYDROCHLORIDE,ccb,ccb,Obat Keras,1,TABLET SALUT SELAPUT; 10 mg,oral,aktif,1,1
DKL2609228929A1,ZILINEX,MICONAZOLE NITRATE | NEOMYCIN SULFATE | TRIAMCINOLONE ACETONIDE ACETATE,kortikosteroid,kortikosteroid,Obat Keras,1,KRIM,topikal,aktif,1,1
DKL0410707429A1,ZOLACORT,HYDROCORTISONE ACETATE | MICONAZOLE NITRATE,kortikosteroid,kortikosteroid,Obat Keras,1,KRIM,topikal,aktif,1,1
