split,hamming_distance,file_a,classes_a,file_b,classes_b,recommendation
test,0,data_output\yolo_roboflow_only\images\test\cookpad_200_extra_nasi_putih_0001_nasi_putih_59.jpg,Nasi Putih,data_output\yolo_roboflow_only\images\test\roboflow_data_tambahan_nasi_putih_0001_nasi_putih_(95).jpg,Nasi Putih,manual_review_near_duplicate
test,0,data_output\yolo_roboflow_only\images\test\roboflow_data_tambahan_spageti_0001_spageti_0083.jpg,Spaghetti,data_output\yolo_roboflow_only\images\test\roboflow_data_tambahan_spageti_0007_spageti_(25).jpg,Spaghetti,manual_review_near_duplicate
test,0,data_output\yolo_roboflow_only\images\test\tahu-goreng-gurih-foto-resep-utama_jpg.rf.08d556328bce86e13facf21424ea0dc8.jpg,Tahu Goreng,data_output\yolo_roboflow_only\images\test\tahu-goreng-gurih-foto-resep-utama_jpg.rf.16f22b774ddae677fc749ff07ba565da.jpg,Tahu Goreng,manual_review_near_duplicate
test,1,data_output\yolo_roboflow_only\images\test\depositphotos_340704266-stock-photo-blurred-image-out-of-focus_jpg.rf.7f9c785f442ca50806c74c7ed3f61568.jpg,Tahu Goreng,data_output\yolo_roboflow_only\images\test\depositphotos_340704266-stock-photo-blurred-image-out-of-focus_jpg.rf.e5649ccb3b47f8dffdf47f426c943383.jpg,Tahu Goreng,manual_review_near_duplicate
train,0,data_output\yolo_roboflow_only\images\train\11091_jpg.rf.000bae6e337b72a2f04508ec611a27e2.jpg,Burger,data_output\yolo_roboflow_only\images\train\9303_jpg.rf.5cad856e77ae4f9ba77bf4afbc588f25.jpg,Burger,manual_review_near_duplicate
train,0,data_output\yolo_roboflow_only\images\train\15482_jpg.rf.718bc957f22ef3bf57953305d229d54a.jpg,Burger|Kentang Goreng,data_output\yolo_roboflow_only\images\train\15513_jpg.rf.410b770385b87c88e89e87709bc48688.jpg,Burger|Kentang Goreng,manual_review_near_duplicate
train,0,data_output\yolo_roboflow_only\images\train\15903_jpg.rf.6804b7095829d89695d9bbc1819078e4.jpg,Burger,data_output\yolo_roboflow_only\images\train\15934_jpg.rf.9b22651e0cb7546518d9efb6b4d2bbda.jpg,Burger,manual_review_near_duplicate
train,0,data_output\yolo_roboflow_only\images\train\1594666-cara-membuat-sate-ayam-berbagai-bumbu_jpg.rf.6e0bdd11ec5eccab06b77c80fe616984.jpg,Sate,data_output\yolo_roboflow_only\images\train\images4_jpg.rf.ca26092b6938f66eb14e80cc96ad0efe.jpg,Sate,manual_review_near_duplicate
train,0,data_output\yolo_roboflow_only\images\train\1708621293512041-pempek-dos_jpeg_jpg.rf.23aaa680fae4c3acc570e657e472a6aa.jpg,Pempek,data_output\yolo_roboflow_only\images\train\image17_jpeg_jpg.rf.ee4f02477f58daf277ab724b80b6e2c2.jpg,Pempek,manual_review_near_duplicate
train,0,data_output\yolo_roboflow_only\images\train\170939184_189954586297097_6964096392117527821_n_jpg.rf.0ea0d6a0bcf5e99416fabdc2d9c9d199.jpg,Pempek,data_output\yolo_roboflow_only\images\train\images17_jpg.rf.4f25b03930afc41adaf1d9a21637fe30.jpg,Pempek,manual_review_near_duplicate
train,0,data_output\yolo_roboflow_only\images\train\20210520140414-60a609eedbd9c-telurdadarceplok-_jpg.rf.e698d08728ef9b310c33e32492fdc05c.jpg,Telur Goreng,data_output\yolo_roboflow_only\images\train\roboflow_data_tambahan_telur_goreng_0060_telur_goreng_(35).jpg,Telur Goreng,manual_review_near_duplicate
train,0,data_output\yolo_roboflow_only\images\train\2169492648_jpg.rf.e24063111e1ecbcb8dc8365792bb281e.jpg,Pempek,data_output\yolo_roboflow_only\images\train\images50_jpg.rf.ce31acacbbfb839c6a094c969830e4d9.jpg,Pempek,manual_review_near_duplicate
train,0,data_output\yolo_roboflow_only\images\train\236-tahu-goreng-kunyit-foto-resep-utama_jpg.rf.77a087173888d81141e28e8d26f605f3.jpg,Tahu Goreng,data_output\yolo_roboflow_only\images\train\236-tahu-goreng-kunyit-foto-resep-utama_jpg.rf.c16d650910552f4625d11f021fc52e6b.jpg,Tahu Goreng,manual_review_near_duplicate
train,0,data_output\yolo_roboflow_only\images\train\29_jpg.rf.5c14cfaeecdd26a0a78ae1022a639d41.jpg,Nasi Putih,data_output\yolo_roboflow_only\images\train\81_jpg.rf.64187df0c2844c6251f9d41babc1bde8.jpg,Nasi Putih,manual_review_near_duplicate
train,0,data_output\yolo_roboflow_only\images\train\3006458954_jpg.rf.844ad3e7a9bcb02c4447f6f5acff0d9d.jpg,Tahu Goreng,data_output\yolo_roboflow_only\images\train\images-45-_jpg.rf.ed83db97c4b58755162104100357ebca.jpg,Tahu Goreng,manual_review_near_duplicate
train,0,data_output\yolo_roboflow_only\images\train\3121201818_jpg.rf.96d974088023f68308a5db324614babd.jpg,Rendang Sapi,data_output\yolo_roboflow_only\images\train\resep-rendang-daging-sapi-minang-full-bumbu-untuk-pemula_jpg.rf.4c6c1fa10dc698cd4bbb577c6669c7ac.jpg,Rendang Sapi,manual_review_near_duplicate
train,0,data_output\yolo_roboflow_only\images\train\432760395-1-_jpg.rf.1871cb2d65244cdd8d7179134513fffd.jpg,Tahu Goreng,data_output\yolo_roboflow_only\images\train\432760395-1-_jpg.rf.58e9b1d47e8c5a3ac7e5cb9acce9629b.jpg,Tahu Goreng,manual_review_near_duplicate
train,0,data_output\yolo_roboflow_only\images\train\432760395-1-_jpg.rf.1871cb2d65244cdd8d7179134513fffd.jpg,Tahu Goreng,data_output\yolo_roboflow_only\images\train\432760395_jpg.rf.0baa3f7709290d553ca5ce6dff9d49d4.jpg,Tahu Goreng,manual_review_near_duplicate
train,0,data_output\yolo_roboflow_only\images\train\432760395-1-_jpg.rf.1871cb2d65244cdd8d7179134513fffd.jpg,Tahu Goreng,data_output\yolo_roboflow_only\images\train\download-5-_jpg.rf.69cb3b1bdb0aee50c5f13d09bbaa238d.jpg,Tahu Goreng,manual_review_near_duplicate
train,0,data_output\yolo_roboflow_only\images\train\432760395-1-_jpg.rf.58e9b1d47e8c5a3ac7e5cb9acce9629b.jpg,Tahu Goreng,data_output\yolo_roboflow_only\images\train\432760395_jpg.rf.0baa3f7709290d553ca5ce6dff9d49d4.jpg,Tahu Goreng,manual_review_near_duplicate
train,0,data_output\yolo_roboflow_only\images\train\432760395-1-_jpg.rf.58e9b1d47e8c5a3ac7e5cb9acce9629b.jpg,Tahu Goreng,data_output\yolo_roboflow_only\images\train\download-5-_jpg.rf.69cb3b1bdb0aee50c5f13d09bbaa238d.jpg,Tahu Goreng,manual_review_near_duplicate
train,0,data_output\yolo_roboflow_only\images\train\432760395_jpg.rf.0baa3f7709290d553ca5ce6dff9d49d4.jpg,Tahu Goreng,data_output\yolo_roboflow_only\images\train\download-5-_jpg.rf.69cb3b1bdb0aee50c5f13d09bbaa238d.jpg,Tahu Goreng,manual_review_near_duplicate
train,0,data_output\yolo_roboflow_only\images\train\47_jpg.rf.a3ae28af6110e98954175264acce994c.jpg,Nasi Putih,data_output\yolo_roboflow_only\images\train\55_jpg.rf.0c1398a1487d09b86a0cbfb40cd42048.jpg,Nasi Putih,manual_review_near_duplicate
train,0,data_output\yolo_roboflow_only\images\train\58614627-einzelne-chocolate-chip-cookie-isoliert-auf-weiC39Fem-hintergrund-nahaufnahme-_jpg.rf.d92c4fa438626aef4e9e475e48f7b36b.jpg,Biskuit Choco Chips,data_output\yolo_roboflow_only\images\train\image23_jpeg.rf.1e5a87d0287e0baf956eade046c3c8cf.jpg,Biskuit Choco Chips,manual_review_near_duplicate
train,0,data_output\yolo_roboflow_only\images\train\75_jpg.rf.a9c646b55fd4ba30c58e9cb64e6038d4.jpg,Nasi Putih,data_output\yolo_roboflow_only\images\train\94_jpg.rf.70ff114b76605d145453be2b8ee422f1.jpg,Nasi Putih,manual_review_near_duplicate
train,0,data_output\yolo_roboflow_only\images\train\7cc986dc3b1b8597a8b6380ae3a0a7d3_jpg.rf.5ae5ae4e930894ac1bfef49f803155ee.jpg,Tahu Goreng,data_output\yolo_roboflow_only\images\train\7cc986dc3b1b8597a8b6380ae3a0a7d3_jpg.rf.66132f3066e79c948777dd0a32fa5e42.jpg,Tahu Goreng,manual_review_near_duplicate
train,0,data_output\yolo_roboflow_only\images\train\87_jpg.rf.b6b32901d4bf7e40670d9e8b3904bc6f.jpg,Nasi Putih,data_output\yolo_roboflow_only\images\train\91_jpg.rf.1fc679eb80362772f0f6176051e26887.jpg,Nasi Putih,manual_review_near_duplicate
train,0,data_output\yolo_roboflow_only\images\train\bakso-116-_jpg.rf.97a2177d088544d758a6a2026fa3482a.jpg,Bakso,data_output\yolo_roboflow_only\images\train\bakso-20077_jpg.rf.214c553d41ec9db2d409f7ba92e433b0.jpg,Bakso,manual_review_near_duplicate
train,0,data_output\yolo_roboflow_only\images\train\bakso-5-_jpg.rf.c5cd65fcf26413d7edc992f516436ca7.jpg,Bakso,data_output\yolo_roboflow_only\images\train\roboflow_data_tambahan_bakso_0088_bakso_(63).jpg,Bakso,manual_review_near_duplicate
train,0,data_output\yolo_roboflow_only\images\train\bakso-54-_jpg.rf.2c1d031e2a07514a33d407bccaf26bcb.jpg,Bakso,data_output\yolo_roboflow_only\images\train\roboflow_data_tambahan_bakso_0084_bakso_(22).jpg,Bakso,manual_review_near_duplicate
train,0,data_output\yolo_roboflow_only\images\train\bakso-8-_jpg.rf.4732912acf3aec59ea807c34bd2363df.jpg,Bakso,data_output\yolo_roboflow_only\images\train\roboflow_data_tambahan_bakso_0056_bakso_(70).jpg,Bakso,manual_review_near_duplicate
train,0,data_output\yolo_roboflow_only\images\train\bumbu-rendang-daging-sapi-1-kg-resep-rendang-daging-sapi-enak-dan-empuk_jpg.rf.fd833b57b1edf4b1e0ab68395fe172c5.jpg,Rendang Sapi,data_output\yolo_roboflow_only\images\train\rendang-daging_jpg.rf.160f1dc3274eeba8c156a0dc3cba0b73.jpg,Rendang Sapi,manual_review_near_duplicate
train,0,data_output\yolo_roboflow_only\images\train\Chocolate-Chip-Cookie-for-One-24-480x270_jpg.rf.ef48e95b7c142126fe5390e349767e88.jpg,Biskuit Choco Chips,data_output\yolo_roboflow_only\images\train\image27_jpeg.rf.6d90ed0df9077e0fb51d0a8cada1aef0.jpg,Biskuit Choco Chips,manual_review_near_duplicate
train,0,data_output\yolo_roboflow_only\images\train\chocolate-chip-cookie_jpg.rf.2b8b81ff9c608f7ac4bf248e6b99fc6a.jpg,Biskuit Choco Chips,data_output\yolo_roboflow_only\images\train\images12_jpg.rf.1c1d4fa4d879d5466267d5b7469100a2.jpg,Biskuit Choco Chips,manual_review_near_duplicate
train,0,data_output\yolo_roboflow_only\images\train\com2_jpg.rf.8053cb3578ee71a463d9fe3e21b68dcc.jpg,Biskuit Choco Chips,data_output\yolo_roboflow_only\images\train\image14_jpeg.rf.e32f2cc200af1e3166d1196b28d82b10.jpg,Biskuit Choco Chips,manual_review_near_duplicate
train,0,data_output\yolo_roboflow_only\images\train\cookpad_200_extra_apel_0016_apel_115.jpg,Apel,data_output\yolo_roboflow_only\images\train\cookpad_200_extra_apel_0041_apel_116.jpg,Apel,manual_review_near_duplicate
train,0,data_output\yolo_roboflow_only\images\train\cookpad_200_extra_apel_0017_apel_002.jpg,Apel,data_output\yolo_roboflow_only\images\train\cookpad_200_extra_apel_0032_apel_011.jpg,Apel,manual_review_near_duplicate
train,0,data_output\yolo_roboflow_only\images\train\cookpad_200_extra_biskuit_choco_chips_0104_1_(6).jpg,Biskuit Choco Chips,data_output\yolo_roboflow_only\images\train\cookpad_200_extra_biskuit_choco_chips_0141_biskuit_choco_chips_026.png,Biskuit Choco Chips,manual_review_near_duplicate
train,0,data_output\yolo_roboflow_only\images\train\cookpad_200_extra_biskuit_choco_chips_0180_1_(48).jpg,Biskuit Choco Chips,data_output\yolo_roboflow_only\images\train\cookpad_200_extra_biskuit_choco_chips_0197_1_(49).jpg,Biskuit Choco Chips,manual_review_near_duplicate
train,0,data_output\yolo_roboflow_only\images\train\cookpad_200_extra_nasi_putih_0023_nasi_putih_44.jpg,Nasi Putih,data_output\yolo_roboflow_only\images\train\roboflow_data_tambahan_nasi_putih_0042_nasi_putih_(2).jpg,Nasi Putih,manual_review_near_duplicate
train,0,data_output\yolo_roboflow_only\images\train\cookpad_200_extra_stroberi_0025_stroberi_190.jpg,Stroberi,data_output\yolo_roboflow_only\images\train\cookpad_200_extra_stroberi_0041_stroberi_148.jpg,Stroberi,manual_review_near_duplicate
train,0,data_output\yolo_roboflow_only\images\train\cropped-foto-utama-pempek-2-1-eb18a340ffdc5cb06ad6c4ff0b5cab93_600x400_jpg.rf.df93f1db5ca17fb71d06cedb8725a3d5.jpg,Pempek,data_output\yolo_roboflow_only\images\train\image25_jpeg_jpg.rf.e6e4e765febe4b7671b94651a7c0d605.jpg,Pempek,manual_review_near_duplicate
train,0,data_output\yolo_roboflow_only\images\train\d5e9482cafff7e48541b42c440f818bf_jpg.rf.2d461f1de596d1c7786e9db3d515b7d0.jpg,Rendang Sapi,data_output\yolo_roboflow_only\images\train\daging_rendang-40-_jpg.rf.6e271a3f68bb33ab0fa79a807dec5cc0.jpg,Rendang Sapi,manual_review_near_duplicate
train,0,data_output\yolo_roboflow_only\images\train\daging_rendang-1-_jpg.rf.cbe7fb0d4c18db85392166e9a20ae513.jpg,Rendang Sapi,data_output\yolo_roboflow_only\images\train\daging_rendang-18-_jpg.rf.f5c552dc23ae3f5956e5655b875fa182.jpg,Rendang Sapi,manual_review_near_duplicate
train,0,data_output\yolo_roboflow_only\images\train\daging_rendang-1-_jpg.rf.cbe7fb0d4c18db85392166e9a20ae513.jpg,Rendang Sapi,data_output\yolo_roboflow_only\images\train\daging_rendang-4-_jpg.rf.a7e7e0f4eefc3f5f69527fbef3ec4cea.jpg,Rendang Sapi,manual_review_near_duplicate
train,0,data_output\yolo_roboflow_only\images\train\daging_rendang-100-_jpg.rf.a47235694261316e66fc2b867188eadc.jpg,Rendang Sapi,data_output\yolo_roboflow_only\images\train\daging_rendang-39-_jpg.rf.1bf8f8690d322dd630e9a911be0fa81b.jpg,Rendang Sapi,manual_review_near_duplicate
train,0,data_output\yolo_roboflow_only\images\train\daging_rendang-12-_jpg.rf.e2a8d270cf025dfe74583a465cf8f371.jpg,Rendang Sapi,data_output\yolo_roboflow_only\images\train\daging_rendang-3-_jpg.rf.c923abba6b5392aee90970c1022050e2.jpg,Rendang Sapi,manual_review_near_duplicate
train,0,data_output\yolo_roboflow_only\images\train\daging_rendang-12-_jpg.rf.e2a8d270cf025dfe74583a465cf8f371.jpg,Rendang Sapi,data_output\yolo_roboflow_only\images\train\daging_rendang-36-_jpg.rf.845e0d7ab70caba6338cb667507e8a0f.jpg,Rendang Sapi,manual_review_near_duplicate
train,0,data_output\yolo_roboflow_only\images\train\daging_rendang-12-_jpg.rf.e2a8d270cf025dfe74583a465cf8f371.jpg,Rendang Sapi,data_output\yolo_roboflow_only\images\train\Rendang2BDaging2BSapi2B252812529_jpg.rf.381dfa75555d84000c18f7fe72382840.jpg,Rendang Sapi,manual_review_near_duplicate
train,0,data_output\yolo_roboflow_only\images\train\daging_rendang-18-_jpg.rf.f5c552dc23ae3f5956e5655b875fa182.jpg,Rendang Sapi,data_output\yolo_roboflow_only\images\train\daging_rendang-4-_jpg.rf.a7e7e0f4eefc3f5f69527fbef3ec4cea.jpg,Rendang Sapi,manual_review_near_duplicate
train,0,data_output\yolo_roboflow_only\images\train\daging_rendang-24-_jpg.rf.a8f06b4c41ecc842decafdc98131e55c.jpg,Rendang Sapi,data_output\yolo_roboflow_only\images\train\daging_rendang-34-_jpg.rf.1c9340b540468533117c9c27d85d06ad.jpg,Rendang Sapi,manual_review_near_duplicate
train,0,data_output\yolo_roboflow_only\images\train\daging_rendang-24-_jpg.rf.a8f06b4c41ecc842decafdc98131e55c.jpg,Rendang Sapi,data_output\yolo_roboflow_only\images\train\daging_rendang-56-_jpg.rf.d9a7160a2937873189cc32f878b2c491.jpg,Rendang Sapi,manual_review_near_duplicate
train,0,data_output\yolo_roboflow_only\images\train\daging_rendang-3-_jpg.rf.c923abba6b5392aee90970c1022050e2.jpg,Rendang Sapi,data_output\yolo_roboflow_only\images\train\daging_rendang-36-_jpg.rf.845e0d7ab70caba6338cb667507e8a0f.jpg,Rendang Sapi,manual_review_near_duplicate
train,0,data_output\yolo_roboflow_only\images\train\daging_rendang-3-_jpg.rf.c923abba6b5392aee90970c1022050e2.jpg,Rendang Sapi,data_output\yolo_roboflow_only\images\train\Rendang2BDaging2BSapi2B252812529_jpg.rf.381dfa75555d84000c18f7fe72382840.jpg,Rendang Sapi,manual_review_near_duplicate
train,0,data_output\yolo_roboflow_only\images\train\daging_rendang-34-_jpg.rf.1c9340b540468533117c9c27d85d06ad.jpg,Rendang Sapi,data_output\yolo_roboflow_only\images\train\daging_rendang-56-_jpg.rf.d9a7160a2937873189cc32f878b2c491.jpg,Rendang Sapi,manual_review_near_duplicate
train,0,data_output\yolo_roboflow_only\images\train\daging_rendang-36-_jpg.rf.845e0d7ab70caba6338cb667507e8a0f.jpg,Rendang Sapi,data_output\yolo_roboflow_only\images\train\Rendang2BDaging2BSapi2B252812529_jpg.rf.381dfa75555d84000c18f7fe72382840.jpg,Rendang Sapi,manual_review_near_duplicate
train,0,data_output\yolo_roboflow_only\images\train\daging_rendang-38-_jpg.rf.b5510d4287fc12bc3b9718837f19730f.jpg,Rendang Sapi,data_output\yolo_roboflow_only\images\train\rendang-asli-padang-foto-resep-utama_jpg.rf.df029b8d6b79eae6fc32bd2f8dcbd94f.jpg,Rendang Sapi,manual_review_near_duplicate
train,0,data_output\yolo_roboflow_only\images\train\daging_rendang-6-_jpg.rf.6854296eca9f95937f7babd036a179af.jpg,Rendang Sapi,data_output\yolo_roboflow_only\images\train\daging_rendang-66-_jpg.rf.9665dad458b36ec19e29726e4e68abd5.jpg,Rendang Sapi,manual_review_near_duplicate
train,0,data_output\yolo_roboflow_only\images\train\daging_rendang-8-_jpg.rf.2e545a890d973369cd356d055f27e866.jpg,Rendang Sapi,data_output\yolo_roboflow_only\images\train\images-5-_jpg.rf.84b4eccd61c436f6b5e096266af3513d.jpg,Rendang Sapi,manual_review_near_duplicate
train,0,data_output\yolo_roboflow_only\images\train\download-1-_jpg.rf.97975d35b6374aef48234a14fcd780de.jpg,Tempe Goreng,data_output\yolo_roboflow_only\images\train\photo-1-_jpg.rf.5ff696049df6c750d1fe10ad0943f9b5.jpg,Tempe Goreng,manual_review_near_duplicate
train,0,data_output\yolo_roboflow_only\images\train\download-14-_jpg.rf.85216b446589722d2436c8edfccb8fdd.jpg,Tempe Goreng,data_output\yolo_roboflow_only\images\train\tempe-goreng-gurih-foto-resep-utama_jpg.rf.0a9dc93c39d34bf4e0d48a2b9011a701.jpg,Tempe Goreng,manual_review_near_duplicate
train,0,data_output\yolo_roboflow_only\images\train\download-8-_jpg.rf.c3966a1faf99f44f0e5f46a32bf5e537.jpg,Tahu Goreng,data_output\yolo_roboflow_only\images\train\tahu-goreng-gurih-foto-resep-utama_jpg.rf.a839b20bf264ae74ee1830a0631f5430.jpg,Tahu Goreng,manual_review_near_duplicate
train,0,data_output\yolo_roboflow_only\images\train\download-9-_jpg.rf.a974b5abf6e7873e28d693b9d94435eb.jpg,Tahu Goreng,data_output\yolo_roboflow_only\images\train\tahu-kuning-goreng-foto-resep-utama_jpg.rf.22a4669432aed50481027ea54667e078.jpg,Tahu Goreng,manual_review_near_duplicate
train,0,data_output\yolo_roboflow_only\images\train\french_fries_108_jpg.rf.81594676f4dea9020fcbc4775b991d68.jpg,Kentang Goreng,data_output\yolo_roboflow_only\images\train\french_fries_507_jpg.rf.de20927e638396e2d5cd081588fe7d3c.jpg,Kentang Goreng,manual_review_near_duplicate
train,0,data_output\yolo_roboflow_only\images\train\french_fries_156_jpg.rf.53373bba6e237d5d10fa90daf62630fe.jpg,Kentang Goreng,data_output\yolo_roboflow_only\images\train\french_fries_371_jpg.rf.1402de5715891fa4c32d9f95de9da44e.jpg,Kentang Goreng,manual_review_near_duplicate
train,0,data_output\yolo_roboflow_only\images\train\french_fries_167_jpg.rf.5f37dd51e583259904a501b07656c646.jpg,Kentang Goreng,data_output\yolo_roboflow_only\images\train\french_fries_544_jpg.rf.4eefcf4c19938803a809b869a9385dd3.jpg,Kentang Goreng,manual_review_near_duplicate
train,0,data_output\yolo_roboflow_only\images\train\french_fries_207_jpg.rf.c581d8660621cdb35ceb86640c3bf4fd.jpg,Kentang Goreng,data_output\yolo_roboflow_only\images\train\french_fries_680_jpg.rf.0a4df6b8cd81c927833e009cb84c876a.jpg,Kentang Goreng,manual_review_near_duplicate
train,0,data_output\yolo_roboflow_only\images\train\french_fries_663_jpg.rf.7b5b7b82a3bdd27bbce047f9dd8ce996.jpg,Kentang Goreng,data_output\yolo_roboflow_only\images\train\french_fries_88_jpg.rf.eee0c1bb98bd4d2fc00726824cd1ed14.jpg,Kentang Goreng,manual_review_near_duplicate
train,0,data_output\yolo_roboflow_only\images\train\giant-peanut-butter-chocolate-chip-cookie-3-660x880_jpg.rf.f173265ce3e8d258b8a535e1c2bd8042.jpg,Biskuit Choco Chips,data_output\yolo_roboflow_only\images\train\images11_jpg.rf.721b4bb65924312484fa9376a1db485b.jpg,Biskuit Choco Chips,manual_review_near_duplicate
train,0,data_output\yolo_roboflow_only\images\train\H0AF8MZfIU885QQfSTW4fcL8WqyBJuEK-31353839343134363531d41d8cd98f00b204e9800998ecf8427e_800x800_jpg.rf.47156ad7d9ce6a6a7378bf2f220d04a1.jpg,Tahu Goreng,data_output\yolo_roboflow_only\images\train\H0AF8MZfIU885QQfSTW4fcL8WqyBJuEK-31353839343134363531d41d8cd98f00b204e9800998ecf8427e_800x800_jpg.rf.8c5d3548205f96b7f7788f76b9d10b4f.jpg,Tahu Goreng,manual_review_near_duplicate
train,0,data_output\yolo_roboflow_only\images\train\H0AF8MZfIU885QQfSTW4fcL8WqyBJuEK-31353839343134363531d41d8cd98f00b204e9800998ecf8427e_800x800_jpg.rf.47156ad7d9ce6a6a7378bf2f220d04a1.jpg,Tahu Goreng,data_output\yolo_roboflow_only\images\train\H0AF8MZfIU885QQfSTW4fcL8WqyBJuEK-31353839343134363531d41d8cd98f00b204e9800998ecf8427e_800x800_jpg.rf.ae3dc91581bcc6ed8e1fec21ce95a29c.jpg,Tahu Goreng,manual_review_near_duplicate
train,0,data_output\yolo_roboflow_only\images\train\H0AF8MZfIU885QQfSTW4fcL8WqyBJuEK-31353839343134363531d41d8cd98f00b204e9800998ecf8427e_800x800_jpg.rf.8c5d3548205f96b7f7788f76b9d10b4f.jpg,Tahu Goreng,data_output\yolo_roboflow_only\images\train\H0AF8MZfIU885QQfSTW4fcL8WqyBJuEK-31353839343134363531d41d8cd98f00b204e9800998ecf8427e_800x800_jpg.rf.ae3dc91581bcc6ed8e1fec21ce95a29c.jpg,Tahu Goreng,manual_review_near_duplicate
train,0,data_output\yolo_roboflow_only\images\train\H1NA7nQU8Gv1DNTGd3pmhgLdc8Q4dRaU-31363038323535303530d41d8cd98f00b204e9800998ecf8427e_800x800_jpg.rf.3d5a04070afbe176aae68fbaaae52333.jpg,Tempe Goreng,data_output\yolo_roboflow_only\images\train\images_jpg.rf.1d6c3c9c71d9b59572806371e7122d53.jpg,Tempe Goreng,manual_review_near_duplicate
train,0,data_output\yolo_roboflow_only\images\train\Ikan-Bakar-Ala-Marinasi_JPG_jpg.rf.ea794610fee1aab60c27390ba31068a7.jpg,Ikan Goreng,data_output\yolo_roboflow_only\images\train\roboflow_data_tambahan_Ikan_goreang_0022_ikan_goreng34.jpg,Ikan Goreng,manual_review_near_duplicate
train,0,data_output\yolo_roboflow_only\images\train\ikan_mujair_goreng_jpg.rf.ce855e202e0115932b111d5037da8f21.jpg,Ikan Goreng,data_output\yolo_roboflow_only\images\train\roboflow_data_tambahan_Ikan_goreang_0035_ikan_goreng2.jpg,Ikan Goreng,manual_review_near_duplicate
train,0,data_output\yolo_roboflow_only\images\train\image12_jpeg_jpg.rf.7875d18ec01cf9c01b979ba0b6b99764.jpg,Pempek,data_output\yolo_roboflow_only\images\train\images7_jpg.rf.9d26473aa53fd734c4a66e8f55e50235.jpg,Pempek,manual_review_near_duplicate
train,0,data_output\yolo_roboflow_only\images\train\image21_jpeg.rf.f6cc198d4eda078ec6f09a77fbc1ce64.jpg,Biskuit Choco Chips,data_output\yolo_roboflow_only\images\train\l655610596_jpg.rf.c0560eb257ee532c3833be7af546866f.jpg,Biskuit Choco Chips,manual_review_near_duplicate
train,0,data_output\yolo_roboflow_only\images\train\image21_jpeg_jpg.rf.0269eae58e73ac52107968079511b6ad.jpg,Pempek,data_output\yolo_roboflow_only\images\train\resep-pempek-palembang-dengan-kuah-cuko20_700_jpg.rf.e696b81f0d3df7b9aaf66adbc9c90ad7.jpg,Pempek,manual_review_near_duplicate
train,0,data_output\yolo_roboflow_only\images\train\image23_jpeg_jpg.rf.6c12ec1162f4edb803b3d257d4029180.jpg,Sate,data_output\yolo_roboflow_only\images\train\sate-ayam-sambal-kacang-foto-resep-utama_jpg.rf.096056c5e4353df455bb12c9358a592c.jpg,Sate,manual_review_near_duplicate
train,0,data_output\yolo_roboflow_only\images\train\image29_jpeg_jpg.rf.9cf2c30e440e0cfa5d016f967dbafaed.jpg,Sate,data_output\yolo_roboflow_only\images\train\Sate-ayam-kecap_jpg.rf.f6150127a090b2604c885d993c706fa9.jpg,Sate,manual_review_near_duplicate
train,0,data_output\yolo_roboflow_only\images\train\image32_jpeg_jpg.rf.e54e4b9bcd79a9a90ebff8eeb68d8ab2.jpg,Pempek,data_output\yolo_roboflow_only\images\train\roboflow_data_tambahan_pempek_0052_pempek_(48).jpg,Pempek,manual_review_near_duplicate
train,0,data_output\yolo_roboflow_only\images\train\images-14-_jpg.rf.424d95055d163c31adf2c6028fa32e5d.jpg,Rendang Sapi,data_output\yolo_roboflow_only\images\train\resep-rendang-sapi-hidangan-lebaran-yang-lezatnya-mantap-jiwa-gykeVIMcTT_jpg.rf.a40a615bb34fa6b0f56f34c3632c0ccd.jpg,Rendang Sapi,manual_review_near_duplicate
train,0,data_output\yolo_roboflow_only\images\train\images-14-_jpg.rf.c03f4889c3966d396e0988fc93a71d87.jpg,Tempe Goreng,data_output\yolo_roboflow_only\images\train\tempe-goreng-2-potong-72mcBzLfzq_jpg.rf.8d47472d995c83a047dd295f1f016332.jpg,Tempe Goreng,manual_review_near_duplicate
train,0,data_output\yolo_roboflow_only\images\train\images-2-_jpg.rf.5c5eab5d29130f3cca46b25aea37537a.jpg,Tempe Goreng,data_output\yolo_roboflow_only\images\train\photo_jpg.rf.3cf999713e23eb79ca58017cac0b938f.jpg,Tempe Goreng,manual_review_near_duplicate
train,0,data_output\yolo_roboflow_only\images\train\images-2020-07-08t180224-373_copy_800x500_jpeg_jpg.rf.2a696915809b72beeace9bc5f87aceb6.jpg,Sate,data_output\yolo_roboflow_only\images\train\images19_jpg.rf.9afac50e22309a85b636ac4efe18e8f6.jpg,Sate,manual_review_near_duplicate
train,0,data_output\yolo_roboflow_only\images\train\images-23-_jpg.rf.84ac89c1758d6d227ac7bbccafea29c1.jpg,Nasi Goreng|Telur Goreng,data_output\yolo_roboflow_only\images\train\picture-1463146803_jpg.rf.d888f7d6dbed47da362e3e591643e520.jpg,Nasi Goreng|Telur Goreng,manual_review_near_duplicate
train,0,data_output\yolo_roboflow_only\images\train\images-25-_jpg.rf.6153a08f0d2a66e69093490d5f69b39d.jpg,Telur Goreng,data_output\yolo_roboflow_only\images\train\unnamed_jpg.rf.0c5d5ec3636a5b4867ded19e027e6c2a.jpg,Telur Goreng,manual_review_near_duplicate
train,0,data_output\yolo_roboflow_only\images\train\images-34-_jpg.rf.66ab451328f41404b0124ea23163460b.jpg,Tahu Goreng,data_output\yolo_roboflow_only\images\train\tahu_goreng_jpg.rf.35c46ccd9c9c018d6b5104ae43dbc24b.jpg,Tahu Goreng,manual_review_near_duplicate
train,0,data_output\yolo_roboflow_only\images\train\images-36-_jpg.rf.08992b6164d2a329070ef18b8badc819.jpg,Tempe Goreng,data_output\yolo_roboflow_only\images\train\tempe-goreng-bawang-putih-gurih-foto-resep-utama_jpg.rf.d7990bb448c156414ac2e3c7d84d16a5.jpg,Tempe Goreng,manual_review_near_duplicate
train,0,data_output\yolo_roboflow_only\images\train\images-39-_jpg.rf.65e28e6cbdde42a2d6fad8e4826043b2.jpg,Tempe Goreng,data_output\yolo_roboflow_only\images\train\tempe-goreng-tepung-resipi-foto-utama_jpg.rf.c9a478fde5e92a630175f6c0f5a85769.jpg,Tempe Goreng,manual_review_near_duplicate
train,0,data_output\yolo_roboflow_only\images\train\images-40-_jpg.rf.3a5a69cb1ffa69b0d9e139d1cffe2c4a.jpg,Tempe Goreng,data_output\yolo_roboflow_only\images\train\tempe-goreng-bumbu-kuning-foto-resep-utama_jpg.rf.7620edd2a3879ade221701d3b87b14fd.jpg,Tempe Goreng,manual_review_near_duplicate
train,0,data_output\yolo_roboflow_only\images\train\images-41-_jpg.rf.781ff85ed465e5a09a538c042bb92017.jpg,Tempe Goreng,data_output\yolo_roboflow_only\images\train\tempe-goreng-foto-resep-utama-1-_jpg.rf.2ad583fb34980020827687ad01484f27.jpg,Tempe Goreng,manual_review_near_duplicate
train,0,data_output\yolo_roboflow_only\images\train\images-45-_jpg.rf.4c57176e293118cc78af538083f2765f.jpg,Tempe Goreng,data_output\yolo_roboflow_only\images\train\tempe-goreng-ketumbar-foto-resep-utama_jpg.rf.bae54d4406a9f1087c97ef72063fe96c.jpg,Tempe Goreng,manual_review_near_duplicate
train,0,data_output\yolo_roboflow_only\images\train\images-46-_jpg.rf.1b39ba59e4a222fbd9053ecdf938425f.jpg,Tempe Goreng,data_output\yolo_roboflow_only\images\train\tempe-goreng-simple-foto-resep-utama_jpg.rf.859ec069c08a400b9ec4004d5df17c0d.jpg,Tempe Goreng,manual_review_near_duplicate
train,0,data_output\yolo_roboflow_only\images\train\images-48-_jpg.rf.4601e24aa7b49425eec18e7f58b85122.jpg,Tempe Goreng,data_output\yolo_roboflow_only\images\train\tempe-goreng-bawang-garam-foto-resep-utama_jpg.rf.2c95783409e1fab309839ee9f40dc02f.jpg,Tempe Goreng,manual_review_near_duplicate
train,0,data_output\yolo_roboflow_only\images\train\images10_jpg.rf.12f516b995b4a90de6234bf5e57a082f.jpg,Pempek,data_output\yolo_roboflow_only\images\train\pempek2-2-500x333_jpg.rf.550b076a9ad59cde7b31d1e1676ac54d.jpg,Pempek,manual_review_near_duplicate
train,0,data_output\yolo_roboflow_only\images\train\images13_jpg.rf.32189f1e4cbbbbeda0915f55a60f18c4.jpg,Biskuit Choco Chips,data_output\yolo_roboflow_only\images\train\Individual-Chocolate-Chip-Cookie-12-of-12-Copy_jpg.rf.5ba46f36b24b8a856e623c55c09fc762.jpg,Biskuit Choco Chips,manual_review_near_duplicate
train,0,data_output\yolo_roboflow_only\images\train\images15_jpg.rf.e9612574d8b931a94e4d826cd467bf6a.jpg,Pempek,data_output\yolo_roboflow_only\images\train\pempek-palembang2_jpg.rf.a48d6c23f6a7bdec830fcc12d226a30e.jpg,Pempek,manual_review_near_duplicate
train,0,data_output\yolo_roboflow_only\images\train\images27_jpg.rf.6a8a666b089f80c0efd4e7bf1a26ab98.jpg,Pempek,data_output\yolo_roboflow_only\images\train\roboflow_data_tambahan_pempek_0085_pempek_(97).jpg,Pempek,manual_review_near_duplicate
train,0,data_output\yolo_roboflow_only\images\train\images27_jpg.rf.6a8a666b089f80c0efd4e7bf1a26ab98.jpg,Pempek,data_output\yolo_roboflow_only\images\train\roboflow_data_tambahan_pempek_0086_pempek_(56).jpg,Pempek,manual_review_near_duplicate
train,0,data_output\yolo_roboflow_only\images\train\images29_jpg.rf.bf18c9dd355e7517cada40e5a7ab2483.jpg,Pempek,data_output\yolo_roboflow_only\images\train\pempek-ikan-palembang-17_jpg.rf.c08e84b49f920539d05db9d3f491c7fe.jpg,Pempek,manual_review_near_duplicate
train,0,data_output\yolo_roboflow_only\images\train\images29_jpg.rf.bf18c9dd355e7517cada40e5a7ab2483.jpg,Pempek,data_output\yolo_roboflow_only\images\train\roboflow_data_tambahan_pempek_0071_pempek_(18).jpg,Pempek,manual_review_near_duplicate
train,0,data_output\yolo_roboflow_only\images\train\images5_jpg.rf.d1faf2cc56d93b3936801a0c94a4936c.jpg,Pempek,data_output\yolo_roboflow_only\images\train\roboflow_data_tambahan_pempek_0073_pempek_(15).jpg,Pempek,manual_review_near_duplicate
train,0,data_output\yolo_roboflow_only\images\train\images67_jpg.rf.c82f12fa2f975728e48344748f2b5084.jpg,Pempek,data_output\yolo_roboflow_only\images\train\roboflow_data_tambahan_pempek_0016_pempek_(58).jpg,Pempek,manual_review_near_duplicate
train,0,data_output\yolo_roboflow_only\images\train\IMG_13012021_130518__822_x_430_piksel__jpg.rf.bb92159ae39a84e195d1956968486f78.jpg,Telur Goreng,data_output\yolo_roboflow_only\images\train\roboflow_data_tambahan_telur_goreng_0020_telur_goreng_(38).jpg,Telur Goreng,manual_review_near_duplicate
train,0,data_output\yolo_roboflow_only\images\train\oseng_mie-057_jpg.rf.9ea045633aa8e7bbd1e972b365e4c710.jpg,Mie Goreng,data_output\yolo_roboflow_only\images\train\oseng_mie-128_jpg.rf.6c23cf1577f0e8a14a6786de8edd47d4.jpg,Mie Goreng,manual_review_near_duplicate
train,0,data_output\yolo_roboflow_only\images\train\oseng_mie-076_jpg.rf.9b0ea74f9217cbdea80f966ec0099768.jpg,Mie Goreng,data_output\yolo_roboflow_only\images\train\oseng_mie-150_jpg.rf.c8610322ba990a2fe6b41c12b60da684.jpg,Mie Goreng,manual_review_near_duplicate
train,0,data_output\yolo_roboflow_only\images\train\oseng_mie-085_jpg.rf.84131d84c1f5d3099afa98afebc8d59d.jpg,Mie Goreng,data_output\yolo_roboflow_only\images\train\oseng_mie-116_jpg.rf.ef57610da93af539ddb8846585036fe0.jpg,Mie Goreng,manual_review_near_duplicate
train,0,data_output\yolo_roboflow_only\images\train\pempek-ikan-palembang-17_jpg.rf.c08e84b49f920539d05db9d3f491c7fe.jpg,Pempek,data_output\yolo_roboflow_only\images\train\roboflow_data_tambahan_pempek_0071_pempek_(18).jpg,Pempek,manual_review_near_duplicate
train,0,data_output\yolo_roboflow_only\images\train\photo_jpg.rf.31046f6c292183cf563bd77e66df147a.jpg,Tahu Goreng,data_output\yolo_roboflow_only\images\train\photo_jpg.rf.ef339b5b4d0fc1fc689f2341db3f3a8d.jpg,Tahu Goreng,manual_review_near_duplicate
train,0,data_output\yolo_roboflow_only\images\train\Rendang-daging-sapi_jpg.rf.e7e45a2f5aeff291592112a7c697604c.jpg,Rendang Sapi,data_output\yolo_roboflow_only\images\train\resep-rendang_jpg.rf.56fc0d31217ff41e8b2cb0352a5fd82f.jpg,Rendang Sapi,manual_review_near_duplicate
train,0,data_output\yolo_roboflow_only\images\train\resep-rendang-sapi-lezat-dicoba-yuk-untuk-rayakan-idul-adha-TSs3ZBynuL_jpg.rf.0d7f22d6e46328ab67bafba6f3a9adce.jpg,Rendang Sapi,data_output\yolo_roboflow_only\images\train\resep-rendang-sapi-lezat-dicoba-yuk-untuk-rayakan-idul-adha-TSs3ZBynuL_jpg.rf.183d2b99533965225d468c50cf8cb519.jpg,Rendang Sapi,manual_review_near_duplicate
train,0,data_output\yolo_roboflow_only\images\train\roboflow_data_tambahan_mie_goreng_0010_mie_goreng_0025.jpg,Mie Goreng,data_output\yolo_roboflow_only\images\train\roboflow_data_tambahan_mie_goreng_0076_Mie_Goreng_(Mie_Goreng_Indonesia)_-_Memilih_Chia.jpg,Mie Goreng,manual_review_near_duplicate
train,0,data_output\yolo_roboflow_only\images\train\roboflow_data_tambahan_pempek_0085_pempek_(97).jpg,Pempek,data_output\yolo_roboflow_only\images\train\roboflow_data_tambahan_pempek_0086_pempek_(56).jpg,Pempek,manual_review_near_duplicate
train,0,data_output\yolo_roboflow_only\images\train\roboflow_data_tambahan_tumis_kangkung_0015_tumis_kangkung_0013.jpg,Tumis Kangkung,data_output\yolo_roboflow_only\images\train\roboflow_data_tambahan_tumis_kangkung_0063_tumis_kangkung_(59).jpg,Tumis Kangkung,manual_review_near_duplicate
train,0,data_output\yolo_roboflow_only\images\train\roboflow_data_tambahan_tumis_kangkung_0025_tumis_kangkung_0068.jpg,Tumis Kangkung,data_output\yolo_roboflow_only\images\train\roboflow_data_tambahan_tumis_kangkung_0093_tumis_kangkung_(17).jpg,Tumis Kangkung,manual_review_near_duplicate
train,0,data_output\yolo_roboflow_only\images\train\roboflow_data_tambahan_tumis_kangkung_0050_tumis_kangkung_(32).jpg,Tumis Kangkung,data_output\yolo_roboflow_only\images\train\tumis_kangkung-086_jpg.rf.093ef995d2ca02cfbf9fa05cfd181719.jpg,Tumis Kangkung,manual_review_near_duplicate
train,0,data_output\yolo_roboflow_only\images\train\spaghetti_bolognese_187_jpg.rf.051bbfa91fe8be13d67d6ba79aee6dec.jpg,Spaghetti,data_output\yolo_roboflow_only\images\train\spaghetti_bolognese_65_jpg.rf.995b8de0b9ab7065f271274c2e1e78bc.jpg,Spaghetti,manual_review_near_duplicate
train,0,data_output\yolo_roboflow_only\images\train\spaghetti_bolognese_221_jpg.rf.77212916b23f3a0de7f77f3940d037d2.jpg,Spaghetti,data_output\yolo_roboflow_only\images\train\spaghetti_bolognese_408_jpg.rf.91b06ae7456f6f52d129e0ad568f8ce0.jpg,Spaghetti,manual_review_near_duplicate
train,0,data_output\yolo_roboflow_only\images\train\steak_220_jpg.rf.cfdf9fa9b3e193305f3d665d8983d0c4.jpg,Steak,data_output\yolo_roboflow_only\images\train\steak_371_jpg.rf.96bddf24f3af3a2b9ff371936fb9d475.jpg,Steak,manual_review_near_duplicate
train,0,data_output\yolo_roboflow_only\images\train\steak_247_jpg.rf.2748e4518caee78c6ec1eab5bb999a39.jpg,Steak,data_output\yolo_roboflow_only\images\train\steak_57_jpg.rf.fd7af1ed974a3f14c3f97969a0b99400.jpg,Steak,manual_review_near_duplicate
train,0,data_output\yolo_roboflow_only\images\train\tahu-goreng-asin-foto-resep-utama_jpg.rf.2272f930f2e08c790506d2634ce0f2ff.jpg,Tahu Goreng,data_output\yolo_roboflow_only\images\train\tahu-goreng-asin-foto-resep-utama_jpg.rf.6b17b66bc14078f5e92232dfafc6fd35.jpg,Tahu Goreng,manual_review_near_duplicate
train,0,data_output\yolo_roboflow_only\images\train\tahu-goreng-sederhana-foto-resep-utama_jpg.rf.2665aa4e091f40b906c90d4ebf3449de.jpg,Tahu Goreng,data_output\yolo_roboflow_only\images\train\tahu-goreng-sederhana-foto-resep-utama_jpg.rf.f0503618fd45ae408e4590ac03bba26f.jpg,Tahu Goreng,manual_review_near_duplicate
train,0,data_output\yolo_roboflow_only\images\train\tahu-goreng_jpg.rf.92e924f29c6b4d91be463cc6794eaf85.jpg,Tahu Goreng,data_output\yolo_roboflow_only\images\train\tahu-goreng_jpg.rf.ecbd3e03eabe8fbe8038b9832ff78a52.jpg,Tahu Goreng,manual_review_near_duplicate
train,0,data_output\yolo_roboflow_only\images\train\tahu-kuning-piring-kaleng-IMG_6477_jpg.rf.16465fdc6e8cd0d67149d13a60e78062.jpg,Tahu Goreng,data_output\yolo_roboflow_only\images\train\tahu-kuning-piring-kaleng-IMG_6477_jpg.rf.80f8c5f4382d6332feb5c17bb6efddac.jpg,Tahu Goreng,manual_review_near_duplicate
train,0,data_output\yolo_roboflow_only\images\train\tumis_kangkung-167_jpg.rf.16a66ad50c645f4339add93d4c4c1c21.jpg,Tumis Kangkung,data_output\yolo_roboflow_only\images\train\tumis_kangkung-167_jpg.rf.d72c71bb25bb4251769b220165b014f7.jpg,Tumis Kangkung,manual_review_near_duplicate
train,0,data_output\yolo_roboflow_only\images\train\tumis_kangkung-184_jpg.rf.1057145b5287d69185ed98ed9f0c2996.jpg,Tumis Kangkung,data_output\yolo_roboflow_only\images\train\tumis_kangkung-184_jpg.rf.64c7e9248c9304eea5b30346b567d9bb.jpg,Tumis Kangkung,manual_review_near_duplicate
train,0,data_output\yolo_roboflow_only\images\train\walau-lezat-jumlah-kalori-tahu-goreng-ini-harus-anda-ketahui-1600863874_jpg.rf.ecddaa37025de49471104040daf88cd9.jpg,Tahu Goreng,data_output\yolo_roboflow_only\images\train\walau-lezat-jumlah-kalori-tahu-goreng-ini-harus-anda-ketahui-1600863874_jpg.rf.ef44806c8a91503d7d88488bdaf9efaa.jpg,Tahu Goreng,manual_review_near_duplicate
train,1,data_output\yolo_roboflow_only\images\train\03d815c5_jpg.rf.d58dd71a1c20fcf271710490d855b163.jpg,Stroberi,data_output\yolo_roboflow_only\images\train\cc6e2378_jpg.rf.9d608c0dede15e3d77f92dcf67bd2d48.jpg,Stroberi,manual_review_near_duplicate
train,1,data_output\yolo_roboflow_only\images\train\1111386614_jpg.rf.f9f660af6f72d31c531a15dbbcac164f.jpg,Rendang Sapi,data_output\yolo_roboflow_only\images\train\daging_rendang-12-_jpg.rf.e2a8d270cf025dfe74583a465cf8f371.jpg,Rendang Sapi,manual_review_near_duplicate
train,1,data_output\yolo_roboflow_only\images\train\1111386614_jpg.rf.f9f660af6f72d31c531a15dbbcac164f.jpg,Rendang Sapi,data_output\yolo_roboflow_only\images\train\daging_rendang-3-_jpg.rf.c923abba6b5392aee90970c1022050e2.jpg,Rendang Sapi,manual_review_near_duplicate
train,1,data_output\yolo_roboflow_only\images\train\1111386614_jpg.rf.f9f660af6f72d31c531a15dbbcac164f.jpg,Rendang Sapi,data_output\yolo_roboflow_only\images\train\daging_rendang-36-_jpg.rf.845e0d7ab70caba6338cb667507e8a0f.jpg,Rendang Sapi,manual_review_near_duplicate
train,1,data_output\yolo_roboflow_only\images\train\1111386614_jpg.rf.f9f660af6f72d31c531a15dbbcac164f.jpg,Rendang Sapi,data_output\yolo_roboflow_only\images\train\Rendang2BDaging2BSapi2B252812529_jpg.rf.381dfa75555d84000c18f7fe72382840.jpg,Rendang Sapi,manual_review_near_duplicate
train,1,data_output\yolo_roboflow_only\images\train\1309105338_jpg.rf.242466e13ca55e2fbaa60f70e358d538.jpg,Pempek,data_output\yolo_roboflow_only\images\train\images5_jpg.rf.d1faf2cc56d93b3936801a0c94a4936c.jpg,Pempek,manual_review_near_duplicate
train,1,data_output\yolo_roboflow_only\images\train\1309105338_jpg.rf.242466e13ca55e2fbaa60f70e358d538.jpg,Pempek,data_output\yolo_roboflow_only\images\train\roboflow_data_tambahan_pempek_0073_pempek_(15).jpg,Pempek,manual_review_near_duplicate
train,1,data_output\yolo_roboflow_only\images\train\23_jpg.rf.1f17f93d8373e8b33892b8d8fdcc1857.jpg,Nasi Putih,data_output\yolo_roboflow_only\images\train\cookpad_200_extra_nasi_putih_0037_nasi_putih_0.jpg,Nasi Putih,manual_review_near_duplicate
train,1,data_output\yolo_roboflow_only\images\train\3249172985_jpg.rf.f027d949dd246d25f0ce309547956e49.jpg,Pempek,data_output\yolo_roboflow_only\images\train\images18_jpg.rf.798224af66b51f9a5ca5a45dd099a10a.jpg,Pempek,manual_review_near_duplicate
train,1,data_output\yolo_roboflow_only\images\train\4602629009243-4310397314567935158-n-ce3845e6e6ec90c9ef815c26bbab9220_600x400_jpg.rf.d6f928d0f7512a4a31b39d6fc60910f4.jpg,Sate,data_output\yolo_roboflow_only\images\train\image17_jpeg_jpg.rf.bad16fda0599ae6f6204cbb896f7be05.jpg,Sate,manual_review_near_duplicate
train,1,data_output\yolo_roboflow_only\images\train\5710101-una-cookie-de-chocolate-de-un-chip-aislada-en-blanco-_jpg.rf.956ea1b88bd0847ef7c42942e2545ef9.jpg,Biskuit Choco Chips,data_output\yolo_roboflow_only\images\train\images6_jpg.rf.4661a592f44db87ea5e785a23d5eacf4.jpg,Biskuit Choco Chips,manual_review_near_duplicate
train,1,data_output\yolo_roboflow_only\images\train\5c464422-555f-47f2-af1e-9a71b60823be_jpg.rf.f80382f215ea5ab204cdcf79a425b013.jpg,Sate,data_output\yolo_roboflow_only\images\train\images28_jpg.rf.139d43a5da5ce3182a597020e3ca1ac5.jpg,Sate,manual_review_near_duplicate
train,1,data_output\yolo_roboflow_only\images\train\7_jpg.rf.96596c11a013ad5d8663fa8c2d2d4175.jpg,Nasi Putih,data_output\yolo_roboflow_only\images\train\95_jpg.rf.e0e3657cfdf5c948ff1dcba2feac8a82.jpg,Nasi Putih,manual_review_near_duplicate
train,1,data_output\yolo_roboflow_only\images\train\7cc986dc3b1b8597a8b6380ae3a0a7d3_jpg.rf.5ae5ae4e930894ac1bfef49f803155ee.jpg,Tahu Goreng,data_output\yolo_roboflow_only\images\train\7cc986dc3b1b8597a8b6380ae3a0a7d3_jpg.rf.811ccb7d14219bba187d3b3d08643a08.jpg,Tahu Goreng,manual_review_near_duplicate
train,1,data_output\yolo_roboflow_only\images\train\7cc986dc3b1b8597a8b6380ae3a0a7d3_jpg.rf.66132f3066e79c948777dd0a32fa5e42.jpg,Tahu Goreng,data_output\yolo_roboflow_only\images\train\7cc986dc3b1b8597a8b6380ae3a0a7d3_jpg.rf.811ccb7d14219bba187d3b3d08643a08.jpg,Tahu Goreng,manual_review_near_duplicate
train,1,data_output\yolo_roboflow_only\images\train\8bd22c7a_jpg.rf.4f7ed5b9472d902b52bddd92e2107ed9.jpg,Stroberi,data_output\yolo_roboflow_only\images\train\f48255b1_jpg.rf.dfe7d72f592d389003efc0ff223531dc.jpg,Stroberi,manual_review_near_duplicate
train,1,data_output\yolo_roboflow_only\images\train\9ce56a52_jpg.rf.9327079cf76afcf9f33ec30c53980ca1.jpg,Stroberi,data_output\yolo_roboflow_only\images\train\f58859b3_jpg.rf.c16ce183a81c10e3869fd83c3d11ab45.jpg,Stroberi,manual_review_near_duplicate
train,1,data_output\yolo_roboflow_only\images\train\a9f9e6fe_jpg.rf.6874bf30149344e0a5df20ced8ded142.jpg,Stroberi,data_output\yolo_roboflow_only\images\train\f48255b1_jpg.rf.dfe7d72f592d389003efc0ff223531dc.jpg,Stroberi,manual_review_near_duplicate
train,1,data_output\yolo_roboflow_only\images\train\bola-deli-tt-pempek-props-website-main_jpg.rf.40c159411b9ecd452f01bd9f9cc4e5f1.jpg,Pempek,data_output\yolo_roboflow_only\images\train\images9_jpg.rf.4e7329da988cb8bd2e1f9c7bada2d3e4.jpg,Pempek,manual_review_near_duplicate
train,1,data_output\yolo_roboflow_only\images\train\chocolate-chip-cookie-16_jpg.rf.3f4e70bf1bc245cf75f8a24ba89fe735.jpg,Biskuit Choco Chips,data_output\yolo_roboflow_only\images\train\image11_jpeg.rf.035dd294c1224ff5eac4ecca8025837b.jpg,Biskuit Choco Chips,manual_review_near_duplicate
train,1,data_output\yolo_roboflow_only\images\train\cookpad_200_extra_apel_0003_apel_151.png,Apel,data_output\yolo_roboflow_only\images\train\cookpad_200_extra_apel_0023_apel_188.jpg,Apel,manual_review_near_duplicate
train,1,data_output\yolo_roboflow_only\images\train\daging_rendang-1-_jpg.rf.cbe7fb0d4c18db85392166e9a20ae513.jpg,Rendang Sapi,data_output\yolo_roboflow_only\images\train\daging_rendang-13-_jpg.rf.b5db7d40589f59d6a7bf1362640081ff.jpg,Rendang Sapi,manual_review_near_duplicate
train,1,data_output\yolo_roboflow_only\images\train\daging_rendang-102-_jpg.rf.e4436469a1bdd98b336d9c2909e5ca6a.jpg,Rendang Sapi,data_output\yolo_roboflow_only\images\train\daging_rendang-27-_jpg.rf.a725e07ff5c9f94b16cbb6ccad13126c.jpg,Rendang Sapi,manual_review_near_duplicate
train,1,data_output\yolo_roboflow_only\images\train\daging_rendang-13-_jpg.rf.b5db7d40589f59d6a7bf1362640081ff.jpg,Rendang Sapi,data_output\yolo_roboflow_only\images\train\daging_rendang-18-_jpg.rf.f5c552dc23ae3f5956e5655b875fa182.jpg,Rendang Sapi,manual_review_near_duplicate
train,1,data_output\yolo_roboflow_only\images\train\daging_rendang-13-_jpg.rf.b5db7d40589f59d6a7bf1362640081ff.jpg,Rendang Sapi,data_output\yolo_roboflow_only\images\train\daging_rendang-4-_jpg.rf.a7e7e0f4eefc3f5f69527fbef3ec4cea.jpg,Rendang Sapi,manual_review_near_duplicate
train,1,data_output\yolo_roboflow_only\images\train\daging_rendang-13-_jpg.rf.b5db7d40589f59d6a7bf1362640081ff.jpg,Rendang Sapi,data_output\yolo_roboflow_only\images\train\daging_rendang-89-_JPG.rf.a86119b6ac871d8a732e0bb399804a23.jpg,Rendang Sapi,manual_review_near_duplicate
train,1,data_output\yolo_roboflow_only\images\train\daging_rendang-19-_jpg.rf.a39373c6e072e475e15e5afeb22473c0.jpg,Rendang Sapi,data_output\yolo_roboflow_only\images\train\daging_rendang-90-_jpg.rf.20545528430a26b34dce3f4181e5ee81.jpg,Rendang Sapi,manual_review_near_duplicate
train,1,data_output\yolo_roboflow_only\images\train\download-2-_jpg.rf.67fa30fd48f3cb047eb114574a3105b9.jpg,Tempe Goreng,data_output\yolo_roboflow_only\images\train\tempe-goreng-foto-resep-utama_jpg.rf.1af8f13cc38d7b53f114e1f1f55eb601.jpg,Tempe Goreng,manual_review_near_duplicate
train,1,data_output\yolo_roboflow_only\images\train\download-8-_jpg.rf.c3966a1faf99f44f0e5f46a32bf5e537.jpg,Tahu Goreng,data_output\yolo_roboflow_only\images\train\tahu-goreng-gurih-foto-resep-utama_jpg.rf.da742b74c3afc8550afcc33bd22ed2ec.jpg,Tahu Goreng,manual_review_near_duplicate
train,1,data_output\yolo_roboflow_only\images\train\e0e5d5647cb47198fe27e1a684ae4469_jpg.rf.20bf1720cf8dfcb7dff4463d75db270a.jpg,Tempe Goreng,data_output\yolo_roboflow_only\images\train\images-38-_jpg.rf.b32a8cc4d0d60470ff2d115d66ac1cde.jpg,Tempe Goreng,manual_review_near_duplicate
train,1,data_output\yolo_roboflow_only\images\train\french_fries_176_jpg.rf.9beb556cd80621c937172cd5c6de9ce5.jpg,Kentang Goreng,data_output\yolo_roboflow_only\images\train\french_fries_6_jpg.rf.892061db248bced2b70ff9bc0ee57cd5.jpg,Kentang Goreng,manual_review_near_duplicate
train,1,data_output\yolo_roboflow_only\images\train\image-114_jpg.rf.4ab4861a8be2b58aed20cd958e7eacba.jpg,Apel,data_output\yolo_roboflow_only\images\train\image-124_jpg.rf.396a98a200c111d8cc758747a21135ab.jpg,Apel,manual_review_near_duplicate
train,1,data_output\yolo_roboflow_only\images\train\image26_jpeg_jpg.rf.f0b52175d1381df4e047a1ea4a5f3513.jpg,Pempek,data_output\yolo_roboflow_only\images\train\REST_Kap-720x720-FIT_AND_TRIM-ef37092e93a1ecf989e46518694cfaa4_jpeg_jpg.rf.6134d522301aae96fdfa037417fd43b9.jpg,Pempek,manual_review_near_duplicate
train,1,data_output\yolo_roboflow_only\images\train\images-32-_jpg.rf.3a30873d9f50ebba2687dd6b9fc90d5d.jpg,Tempe Goreng,data_output\yolo_roboflow_only\images\train\tempe-goreng-foto-resep-utama-2-_jpg.rf.054f1ea04b50da6da8b5125ead8e97f2.jpg,Tempe Goreng,manual_review_near_duplicate
train,1,data_output\yolo_roboflow_only\images\train\images-33-_jpg.rf.88f5bfcfe62ca3baf638075afb8785cd.jpg,Tempe Goreng,data_output\yolo_roboflow_only\images\train\tempe-goreng-foto-resep-utama-3-_jpg.rf.bfae94deec273c689a1fa4af4793c2a4.jpg,Tempe Goreng,manual_review_near_duplicate
train,1,data_output\yolo_roboflow_only\images\train\images-41-_jpg.rf.c9b19e80f10af78ba3e01e10c34a9797.jpg,Tahu Goreng,data_output\yolo_roboflow_only\images\train\resep-tahu-goreng-bumbu-marinasi-rasanya-maknyus202103270120_jpg.rf.500427e9d8dfef7a1cf0f013d425af42.jpg,Tahu Goreng,manual_review_near_duplicate
train,1,data_output\yolo_roboflow_only\images\train\images-47-_jpg.rf.a1c989917d2b1bfbc55c730403c28368.jpg,Tahu Goreng|Tempe Goreng,data_output\yolo_roboflow_only\images\train\tahu-tempe-goreng-foto-resep-utama_jpg.rf.6015a034d630db6baa31578a63a7e6cc.jpg,Tahu Goreng|Tempe Goreng,manual_review_near_duplicate
train,1,data_output\yolo_roboflow_only\images\train\images-58-_jpg.rf.2bd63c37b930552774dc433e282a8c55.jpg,Tempe Goreng,data_output\yolo_roboflow_only\images\train\photo-2-_jpg.rf.ce7b71c8a6549d3dd3ebd25ac06ca288.jpg,Tempe Goreng,manual_review_near_duplicate
train,1,data_output\yolo_roboflow_only\images\train\images18_jpg.rf.57b89a95c7c13ac405377af7114a3d3e.jpg,Sate,data_output\yolo_roboflow_only\images\train\sate-ponorogo_jpg.rf.e73d31374f7592c11e44a7342087c088.jpg,Sate,manual_review_near_duplicate
train,1,data_output\yolo_roboflow_only\images\train\oseng_mie-027_jpg.rf.e108a3e52f105c56b59063b6a61ba3f2.jpg,Mie Goreng,data_output\yolo_roboflow_only\images\train\oseng_mie-137_jpg.rf.4178adc9d82ade228ee289f8e30c119f.jpg,Mie Goreng,manual_review_near_duplicate
train,1,data_output\yolo_roboflow_only\images\train\roboflow_data_tambahan_tumis_kangkung_0040_tumis_kangkung_(28).jpg,Tumis Kangkung,data_output\yolo_roboflow_only\images\train\roboflow_data_tambahan_tumis_kangkung_0069_tumis_kangkung_0045.jpg,Tumis Kangkung,manual_review_near_duplicate
train,1,data_output\yolo_roboflow_only\images\train\spaghetti_bolognese_175_jpg.rf.ec233060d180342a43e35f009ef5a835.jpg,Spaghetti,data_output\yolo_roboflow_only\images\train\spaghetti_bolognese_516_jpg.rf.309123b20a577bce2559b4ff5e4abf17.jpg,Spaghetti,manual_review_near_duplicate
train,1,data_output\yolo_roboflow_only\images\train\spaghetti_bolognese_253_jpg.rf.5db25428af6f0eb398aa4ffc488e481f.jpg,Spaghetti,data_output\yolo_roboflow_only\images\train\spaghetti_bolognese_898_jpg.rf.fca9ce76ec8f8c64c04640cb1d92344b.jpg,Spaghetti,manual_review_near_duplicate
train,1,data_output\yolo_roboflow_only\images\train\tahu-goreng-gurih-foto-resep-utama_jpg.rf.a839b20bf264ae74ee1830a0631f5430.jpg,Tahu Goreng,data_output\yolo_roboflow_only\images\train\tahu-goreng-gurih-foto-resep-utama_jpg.rf.da742b74c3afc8550afcc33bd22ed2ec.jpg,Tahu Goreng,manual_review_near_duplicate
train,1,data_output\yolo_roboflow_only\images\train\tahu-goreng-sederhana-foto-resep-utama_jpg.rf.2665aa4e091f40b906c90d4ebf3449de.jpg,Tahu Goreng,data_output\yolo_roboflow_only\images\train\tahu-goreng-sederhana-foto-resep-utama_jpg.rf.d0d3734d7be4902e8831f725503236e6.jpg,Tahu Goreng,manual_review_near_duplicate
train,1,data_output\yolo_roboflow_only\images\train\tahu-goreng-sederhana-foto-resep-utama_jpg.rf.d0d3734d7be4902e8831f725503236e6.jpg,Tahu Goreng,data_output\yolo_roboflow_only\images\train\tahu-goreng-sederhana-foto-resep-utama_jpg.rf.f0503618fd45ae408e4590ac03bba26f.jpg,Tahu Goreng,manual_review_near_duplicate
train,1,data_output\yolo_roboflow_only\images\train\tumis_kangkung-181_jpg.rf.5f8408cdda2efdc4a877c65d2fc98887.jpg,Tumis Kangkung,data_output\yolo_roboflow_only\images\train\tumis_kangkung-181_jpg.rf.7582ba10541b5e096dc73fe0080cf7bd.jpg,Tumis Kangkung,manual_review_near_duplicate
train,1,data_output\yolo_roboflow_only\images\train\tumis_kangkung-187_jpg.rf.4af103908ef526f9d1e382eed3512602.jpg,Tumis Kangkung,data_output\yolo_roboflow_only\images\train\tumis_kangkung-187_jpg.rf.4edea56f13f00e77c29ff912e37c4017.jpg,Tumis Kangkung,manual_review_near_duplicate
train,1,data_output\yolo_roboflow_only\images\train\tumis_kangkung-189_jpg.rf.68f4541f0036565cdfc3d34d190843f4.jpg,Tumis Kangkung,data_output\yolo_roboflow_only\images\train\tumis_kangkung-189_jpg.rf.8d995ae74ecdd6fca64fefa468bb90e0.jpg,Tumis Kangkung,manual_review_near_duplicate
train,2,data_output\yolo_roboflow_only\images\train\09144f82_jpg.rf.f304342a5870d1aaf4eda51e7c4f3b93.jpg,Stroberi,data_output\yolo_roboflow_only\images\train\0e14ba66_jpg.rf.9117e2782fc437add1af8d0c137f74dd.jpg,Stroberi,manual_review_near_duplicate
train,2,data_output\yolo_roboflow_only\images\train\1018_jpg.rf.f56eea0c436e7f0941841ce31745b56f.jpg,Pisang,data_output\yolo_roboflow_only\images\train\Image_49_jpg.rf.9f4fa14af99ef8a63d417a2fc9f5a8cd.jpg,Pisang,manual_review_near_duplicate
train,2,data_output\yolo_roboflow_only\images\train\5ae48efc_jpg.rf.70b1416bbd738934c4362b7155813733.jpg,Stroberi,data_output\yolo_roboflow_only\images\train\5c3ee4f4_jpg.rf.4b239638c4c79da2e2a366e777de18d5.jpg,Stroberi,manual_review_near_duplicate
train,2,data_output\yolo_roboflow_only\images\train\81e6e234_jpg.rf.37a53c1157c8cad4b8b201dfec2fd78d.jpg,Stroberi,data_output\yolo_roboflow_only\images\train\d62cf0e3_jpg.rf.23b78999844cac582aca38132258bcb5.jpg,Stroberi,manual_review_near_duplicate
train,2,data_output\yolo_roboflow_only\images\train\8bd22c7a_jpg.rf.4f7ed5b9472d902b52bddd92e2107ed9.jpg,Stroberi,data_output\yolo_roboflow_only\images\train\a9f9e6fe_jpg.rf.6874bf30149344e0a5df20ced8ded142.jpg,Stroberi,manual_review_near_duplicate
train,2,data_output\yolo_roboflow_only\images\train\c3e124a0_jpg.rf.9e2b8b3c609fa6a78e6ae568572419f6.jpg,Stroberi,data_output\yolo_roboflow_only\images\train\eb53f260_jpg.rf.51654fe407ab6d7c7cf696ca1fcd3583.jpg,Stroberi,manual_review_near_duplicate
train,2,data_output\yolo_roboflow_only\images\train\cookpad_200_extra_biskuit_choco_chips_0152_biskuit_choco_chips_124.jpg,Biskuit Choco Chips,data_output\yolo_roboflow_only\images\train\cookpad_200_extra_biskuit_choco_chips_0155_biskuit_choco_chips_059.jpg,Biskuit Choco Chips,manual_review_near_duplicate
train,2,data_output\yolo_roboflow_only\images\train\daging_rendang-1-_jpg.rf.cbe7fb0d4c18db85392166e9a20ae513.jpg,Rendang Sapi,data_output\yolo_roboflow_only\images\train\daging_rendang-89-_JPG.rf.a86119b6ac871d8a732e0bb399804a23.jpg,Rendang Sapi,manual_review_near_duplicate
train,2,data_output\yolo_roboflow_only\images\train\daging_rendang-18-_jpg.rf.f5c552dc23ae3f5956e5655b875fa182.jpg,Rendang Sapi,data_output\yolo_roboflow_only\images\train\daging_rendang-89-_JPG.rf.a86119b6ac871d8a732e0bb399804a23.jpg,Rendang Sapi,manual_review_near_duplicate
train,2,data_output\yolo_roboflow_only\images\train\daging_rendang-4-_jpg.rf.a7e7e0f4eefc3f5f69527fbef3ec4cea.jpg,Rendang Sapi,data_output\yolo_roboflow_only\images\train\daging_rendang-89-_JPG.rf.a86119b6ac871d8a732e0bb399804a23.jpg,Rendang Sapi,manual_review_near_duplicate
train,2,data_output\yolo_roboflow_only\images\train\Gurame_Goreng_Kipas_1-1-_jpg.rf.e7768841f4e79ee7c9421f18fbf0ce38.jpg,Ikan Goreng,data_output\yolo_roboflow_only\images\train\roboflow_data_tambahan_Ikan_goreang_0001_ikan_goreng35.jpg,Ikan Goreng,manual_review_near_duplicate
train,2,data_output\yolo_roboflow_only\images\train\image-117_jpg.rf.4f434751fe767d4c078fdf32271418e3.jpg,Apel,data_output\yolo_roboflow_only\images\train\image-123_jpg.rf.479bacc5e68a5083c2d353749e326fe8.jpg,Apel,manual_review_near_duplicate
train,2,data_output\yolo_roboflow_only\images\train\image-119_jpg.rf.551133856b79f0a03d51b424ebc2c47c.jpg,Apel,data_output\yolo_roboflow_only\images\train\image-124_jpg.rf.396a98a200c111d8cc758747a21135ab.jpg,Apel,manual_review_near_duplicate
train,2,data_output\yolo_roboflow_only\images\train\image-124_jpg.rf.396a98a200c111d8cc758747a21135ab.jpg,Apel,data_output\yolo_roboflow_only\images\train\image-130_jpg.rf.170c93454032c34741c9aa7981565064.jpg,Apel,manual_review_near_duplicate
train,2,data_output\yolo_roboflow_only\images\train\image-124_jpg.rf.396a98a200c111d8cc758747a21135ab.jpg,Apel,data_output\yolo_roboflow_only\images\train\image-141_jpg.rf.3fe38f4f112975311d3ea01389ecd80f.jpg,Apel,manual_review_near_duplicate
train,2,data_output\yolo_roboflow_only\images\train\image-130_jpg.rf.170c93454032c34741c9aa7981565064.jpg,Apel,data_output\yolo_roboflow_only\images\train\image-141_jpg.rf.3fe38f4f112975311d3ea01389ecd80f.jpg,Apel,manual_review_near_duplicate
train,2,data_output\yolo_roboflow_only\images\train\image14_jpeg_jpg.rf.c1cf48be6c7adad3ef04398890e5494c.jpg,Pempek,data_output\yolo_roboflow_only\images\train\pempek-palembang-foto-resep-utama_jpg.rf.a1f7a748feb1b12969fc001d726e73cd.jpg,Pempek,manual_review_near_duplicate
train,2,data_output\yolo_roboflow_only\images\train\photo_jpg.rf.31046f6c292183cf563bd77e66df147a.jpg,Tahu Goreng,data_output\yolo_roboflow_only\images\train\photo_jpg.rf.8beccc9fdae7569fae3260fe8a3c18e2.jpg,Tahu Goreng,manual_review_near_duplicate
train,2,data_output\yolo_roboflow_only\images\train\photo_jpg.rf.8beccc9fdae7569fae3260fe8a3c18e2.jpg,Tahu Goreng,data_output\yolo_roboflow_only\images\train\photo_jpg.rf.ef339b5b4d0fc1fc689f2341db3f3a8d.jpg,Tahu Goreng,manual_review_near_duplicate
train,2,data_output\yolo_roboflow_only\images\train\tahu-goreng-tepung-bumbu-foto-resep-utama_jpg.rf.05b09b1e1c5e3c797ec84e0289e50faf.jpg,Tahu Goreng,data_output\yolo_roboflow_only\images\train\tahu-goreng-tepung-bumbu-foto-resep-utama_jpg.rf.39e023a0123cdc79042cbf02fb9aea11.jpg,Tahu Goreng,manual_review_near_duplicate
train,2,data_output\yolo_roboflow_only\images\train\tahu-goreng-tepung-bumbu-foto-resep-utama_jpg.rf.39e023a0123cdc79042cbf02fb9aea11.jpg,Tahu Goreng,data_output\yolo_roboflow_only\images\train\tahu-goreng-tepung-bumbu-foto-resep-utama_jpg.rf.a525381340220407716ec6a43d8c05f8.jpg,Tahu Goreng,manual_review_near_duplicate
train,2,data_output\yolo_roboflow_only\images\train\tahu-goreng-tradisional-foto-resep-utama_jpg.rf.a142187edd09a531ccea178fb1690c98.jpg,Tahu Goreng,data_output\yolo_roboflow_only\images\train\tahu-goreng-tradisional-foto-resep-utama_jpg.rf.e10ae1fe49ff1c2766aa08b02fa49649.jpg,Tahu Goreng,manual_review_near_duplicate
train,2,data_output\yolo_roboflow_only\images\train\tumis_kangkung-186_jpg.rf.1dcb09e22bf4318cbafeea9a29914646.jpg,Tumis Kangkung,data_output\yolo_roboflow_only\images\train\tumis_kangkung-186_jpg.rf.904fee00a659ed896a5b65d51092d9d3.jpg,Tumis Kangkung,manual_review_near_duplicate
train,2,data_output\yolo_roboflow_only\images\train\tumis_kangkung-190_jpg.rf.2b9ae03fa36641c7f87ceb78ecfd8589.jpg,Tumis Kangkung,data_output\yolo_roboflow_only\images\train\tumis_kangkung-190_jpg.rf.d9cb59b4ef8292573f3e5a80b785e62a.jpg,Tumis Kangkung,manual_review_near_duplicate
train,3,data_output\yolo_roboflow_only\images\train\2d0430f5_jpg.rf.b5dcb26fb7beac2b5120dacf17446d0f.jpg,Stroberi,data_output\yolo_roboflow_only\images\train\e1ffcf0d_jpg.rf.1f1a20fcc527b08ffb9c1766b019432e.jpg,Stroberi,manual_review_near_duplicate
train,3,data_output\yolo_roboflow_only\images\train\b31de8a8_jpg.rf.275d81d9106670f3871a4c22e9e83fcd.jpg,Stroberi,data_output\yolo_roboflow_only\images\train\e1ffcf0d_jpg.rf.1f1a20fcc527b08ffb9c1766b019432e.jpg,Stroberi,manual_review_near_duplicate
train,3,data_output\yolo_roboflow_only\images\train\bakso-6-_jpg.rf.74c4089e06ca8d109901fa5e24fab2be.jpg,Bakso,data_output\yolo_roboflow_only\images\train\roboflow_data_tambahan_bakso_0014_bakso_(60).jpg,Bakso,manual_review_near_duplicate
train,3,data_output\yolo_roboflow_only\images\train\image-109_jpg.rf.69cb98dc5aa85f2f043f3e88cabe29bb.jpg,Apel,data_output\yolo_roboflow_only\images\train\image-131_jpg.rf.75cf157cfe57dad8b6b67ccd37096cdb.jpg,Apel,manual_review_near_duplicate
train,3,data_output\yolo_roboflow_only\images\train\image-114_jpg.rf.4ab4861a8be2b58aed20cd958e7eacba.jpg,Apel,data_output\yolo_roboflow_only\images\train\image-119_jpg.rf.551133856b79f0a03d51b424ebc2c47c.jpg,Apel,manual_review_near_duplicate
train,3,data_output\yolo_roboflow_only\images\train\image-114_jpg.rf.4ab4861a8be2b58aed20cd958e7eacba.jpg,Apel,data_output\yolo_roboflow_only\images\train\image-130_jpg.rf.170c93454032c34741c9aa7981565064.jpg,Apel,manual_review_near_duplicate
train,3,data_output\yolo_roboflow_only\images\train\image-114_jpg.rf.4ab4861a8be2b58aed20cd958e7eacba.jpg,Apel,data_output\yolo_roboflow_only\images\train\image-141_jpg.rf.3fe38f4f112975311d3ea01389ecd80f.jpg,Apel,manual_review_near_duplicate
train,3,data_output\yolo_roboflow_only\images\train\image-117_jpg.rf.4f434751fe767d4c078fdf32271418e3.jpg,Apel,data_output\yolo_roboflow_only\images\train\image-119_jpg.rf.551133856b79f0a03d51b424ebc2c47c.jpg,Apel,manual_review_near_duplicate
train,3,data_output\yolo_roboflow_only\images\train\image-124_jpg.rf.396a98a200c111d8cc758747a21135ab.jpg,Apel,data_output\yolo_roboflow_only\images\train\image-139_jpg.rf.697cd12b8150546a3966d52a875b93ff.jpg,Apel,manual_review_near_duplicate
train,3,data_output\yolo_roboflow_only\images\train\image-131_jpg.rf.75cf157cfe57dad8b6b67ccd37096cdb.jpg,Apel,data_output\yolo_roboflow_only\images\train\image-138_jpg.rf.a1b19e2001cac1c5100a9562aa051f01.jpg,Apel,manual_review_near_duplicate
train,3,data_output\yolo_roboflow_only\images\train\image-132_jpg.rf.3b8032a85ad0eb3f66b38bf2a0b840cb.jpg,Apel,data_output\yolo_roboflow_only\images\train\image-133_jpg.rf.01b377804d54bd9fffcc0203f9ecb787.jpg,Apel,manual_review_near_duplicate
train,3,data_output\yolo_roboflow_only\images\train\image-139_jpg.rf.697cd12b8150546a3966d52a875b93ff.jpg,Apel,data_output\yolo_roboflow_only\images\train\image-141_jpg.rf.3fe38f4f112975311d3ea01389ecd80f.jpg,Apel,manual_review_near_duplicate
train,3,data_output\yolo_roboflow_only\images\train\spaghetti_bolognese_158_jpg.rf.39e016cef2ff9df0fbb344cfbe3d21e1.jpg,Spaghetti,data_output\yolo_roboflow_only\images\train\spaghetti_bolognese_5_jpg.rf.6904749e190b9d02a95cef1c831f645d.jpg,Spaghetti,manual_review_near_duplicate
train,3,data_output\yolo_roboflow_only\images\train\tahu-goreng-asin-foto-resep-utama_jpg.rf.2272f930f2e08c790506d2634ce0f2ff.jpg,Tahu Goreng,data_output\yolo_roboflow_only\images\train\tahu-goreng-asin-foto-resep-utama_jpg.rf.22cf87ca5ebd8a4574420f43807f0f96.jpg,Tahu Goreng,manual_review_near_duplicate
train,3,data_output\yolo_roboflow_only\images\train\tahu-goreng-asin-foto-resep-utama_jpg.rf.22cf87ca5ebd8a4574420f43807f0f96.jpg,Tahu Goreng,data_output\yolo_roboflow_only\images\train\tahu-goreng-asin-foto-resep-utama_jpg.rf.6b17b66bc14078f5e92232dfafc6fd35.jpg,Tahu Goreng,manual_review_near_duplicate
train,3,data_output\yolo_roboflow_only\images\train\tahu-goreng_jpg.rf.68153cd150ccfea8279a098a4202b94e.jpg,Tahu Goreng,data_output\yolo_roboflow_only\images\train\tahu-goreng_jpg.rf.92e924f29c6b4d91be463cc6794eaf85.jpg,Tahu Goreng,manual_review_near_duplicate
train,3,data_output\yolo_roboflow_only\images\train\tahu-goreng_jpg.rf.68153cd150ccfea8279a098a4202b94e.jpg,Tahu Goreng,data_output\yolo_roboflow_only\images\train\tahu-goreng_jpg.rf.ecbd3e03eabe8fbe8038b9832ff78a52.jpg,Tahu Goreng,manual_review_near_duplicate
train,3,data_output\yolo_roboflow_only\images\train\youtube-113_jpg.rf.2331436f97c87a811689f73f073f2522.jpg,Pizza,data_output\yolo_roboflow_only\images\train\youtube-117_jpg.rf.29b0ee5859c8709375467f7489be651d.jpg,Pizza,manual_review_near_duplicate
train,4,data_output\yolo_roboflow_only\images\train\011119f4_jpg.rf.b5106f5de2d9e7dc0c1c29f8a77779b4.jpg,Stroberi,data_output\yolo_roboflow_only\images\train\bffc1b22_jpg.rf.02a3b3f7bc5ed702b32a268180206e4d.jpg,Stroberi,manual_review_near_duplicate
train,4,data_output\yolo_roboflow_only\images\train\09144f82_jpg.rf.f304342a5870d1aaf4eda51e7c4f3b93.jpg,Stroberi,data_output\yolo_roboflow_only\images\train\26583002_jpg.rf.af70b688772cc584b459eb6d2337b21c.jpg,Stroberi,manual_review_near_duplicate
train,4,data_output\yolo_roboflow_only\images\train\09144f82_jpg.rf.f304342a5870d1aaf4eda51e7c4f3b93.jpg,Stroberi,data_output\yolo_roboflow_only\images\train\f34baab5_jpg.rf.742efc04c72c8e0b3b09830b621c21e3.jpg,Stroberi,manual_review_near_duplicate
train,4,data_output\yolo_roboflow_only\images\train\1061_jpg.rf.913ae262d38fbb8b5da96fd89497f937.jpg,Pisang,data_output\yolo_roboflow_only\images\train\701_jpg.rf.fb2da36fafaaea16c0a5d99f9ed70b06.jpg,Pisang,manual_review_near_duplicate
train,4,data_output\yolo_roboflow_only\images\train\26583002_jpg.rf.af70b688772cc584b459eb6d2337b21c.jpg,Stroberi,data_output\yolo_roboflow_only\images\train\f34baab5_jpg.rf.742efc04c72c8e0b3b09830b621c21e3.jpg,Stroberi,manual_review_near_duplicate
train,4,data_output\yolo_roboflow_only\images\train\2d0430f5_jpg.rf.b5dcb26fb7beac2b5120dacf17446d0f.jpg,Stroberi,data_output\yolo_roboflow_only\images\train\81e6e234_jpg.rf.37a53c1157c8cad4b8b201dfec2fd78d.jpg,Stroberi,manual_review_near_duplicate
train,4,data_output\yolo_roboflow_only\images\train\2d0430f5_jpg.rf.b5dcb26fb7beac2b5120dacf17446d0f.jpg,Stroberi,data_output\yolo_roboflow_only\images\train\cc6e2378_jpg.rf.9d608c0dede15e3d77f92dcf67bd2d48.jpg,Stroberi,manual_review_near_duplicate
train,4,data_output\yolo_roboflow_only\images\train\2d0430f5_jpg.rf.b5dcb26fb7beac2b5120dacf17446d0f.jpg,Stroberi,data_output\yolo_roboflow_only\images\train\d62cf0e3_jpg.rf.23b78999844cac582aca38132258bcb5.jpg,Stroberi,manual_review_near_duplicate
train,4,data_output\yolo_roboflow_only\images\train\3121201818_jpg.rf.96d974088023f68308a5db324614babd.jpg,Rendang Sapi,data_output\yolo_roboflow_only\images\train\daging_rendang-94-_jpg.rf.3e764dea528b4050c37a574f6db2d506.jpg,Rendang Sapi,manual_review_near_duplicate
train,4,data_output\yolo_roboflow_only\images\train\bakso-187-_jpg.rf.b0b92464477e5b356107f57ad46ca6a4.jpg,Bakso,data_output\yolo_roboflow_only\images\train\roboflow_data_tambahan_bakso_0094_bakso_(68).jpg,Bakso,manual_review_near_duplicate
train,4,data_output\yolo_roboflow_only\images\train\daging_rendang-94-_jpg.rf.3e764dea528b4050c37a574f6db2d506.jpg,Rendang Sapi,data_output\yolo_roboflow_only\images\train\resep-rendang-daging-sapi-minang-full-bumbu-untuk-pemula_jpg.rf.4c6c1fa10dc698cd4bbb577c6669c7ac.jpg,Rendang Sapi,manual_review_near_duplicate
train,4,data_output\yolo_roboflow_only\images\train\image-109_jpg.rf.69cb98dc5aa85f2f043f3e88cabe29bb.jpg,Apel,data_output\yolo_roboflow_only\images\train\image-128_jpg.rf.1454cfad90e11ed60a74212015cd409d.jpg,Apel,manual_review_near_duplicate
train,4,data_output\yolo_roboflow_only\images\train\image-109_jpg.rf.69cb98dc5aa85f2f043f3e88cabe29bb.jpg,Apel,data_output\yolo_roboflow_only\images\train\image-138_jpg.rf.a1b19e2001cac1c5100a9562aa051f01.jpg,Apel,manual_review_near_duplicate
train,4,data_output\yolo_roboflow_only\images\train\image-114_jpg.rf.4ab4861a8be2b58aed20cd958e7eacba.jpg,Apel,data_output\yolo_roboflow_only\images\train\image-139_jpg.rf.697cd12b8150546a3966d52a875b93ff.jpg,Apel,manual_review_near_duplicate
train,4,data_output\yolo_roboflow_only\images\train\image-117_jpg.rf.4f434751fe767d4c078fdf32271418e3.jpg,Apel,data_output\yolo_roboflow_only\images\train\image-128_jpg.rf.1454cfad90e11ed60a74212015cd409d.jpg,Apel,manual_review_near_duplicate
train,4,data_output\yolo_roboflow_only\images\train\image-117_jpg.rf.4f434751fe767d4c078fdf32271418e3.jpg,Apel,data_output\yolo_roboflow_only\images\train\image-139_jpg.rf.697cd12b8150546a3966d52a875b93ff.jpg,Apel,manual_review_near_duplicate
train,4,data_output\yolo_roboflow_only\images\train\image-118_jpg.rf.6e301c2145795f9219fe990c0c522c88.jpg,Apel,data_output\yolo_roboflow_only\images\train\image-119_jpg.rf.551133856b79f0a03d51b424ebc2c47c.jpg,Apel,manual_review_near_duplicate
train,4,data_output\yolo_roboflow_only\images\train\image-118_jpg.rf.6e301c2145795f9219fe990c0c522c88.jpg,Apel,data_output\yolo_roboflow_only\images\train\image-124_jpg.rf.396a98a200c111d8cc758747a21135ab.jpg,Apel,manual_review_near_duplicate
train,4,data_output\yolo_roboflow_only\images\train\image-119_jpg.rf.551133856b79f0a03d51b424ebc2c47c.jpg,Apel,data_output\yolo_roboflow_only\images\train\image-130_jpg.rf.170c93454032c34741c9aa7981565064.jpg,Apel,manual_review_near_duplicate
train,4,data_output\yolo_roboflow_only\images\train\image-119_jpg.rf.551133856b79f0a03d51b424ebc2c47c.jpg,Apel,data_output\yolo_roboflow_only\images\train\image-141_jpg.rf.3fe38f4f112975311d3ea01389ecd80f.jpg,Apel,manual_review_near_duplicate
train,4,data_output\yolo_roboflow_only\images\train\image-123_jpg.rf.479bacc5e68a5083c2d353749e326fe8.jpg,Apel,data_output\yolo_roboflow_only\images\train\image-139_jpg.rf.697cd12b8150546a3966d52a875b93ff.jpg,Apel,manual_review_near_duplicate
train,4,data_output\yolo_roboflow_only\images\train\image-125_jpg.rf.6d638721008c548e0089136027e25aef.jpg,Apel,data_output\yolo_roboflow_only\images\train\image-126_jpg.rf.5801cbedea061c1b32889a81a1782d1c.jpg,Apel,manual_review_near_duplicate
train,4,data_output\yolo_roboflow_only\images\train\image-128_jpg.rf.1454cfad90e11ed60a74212015cd409d.jpg,Apel,data_output\yolo_roboflow_only\images\train\image-133_jpg.rf.01b377804d54bd9fffcc0203f9ecb787.jpg,Apel,manual_review_near_duplicate
train,4,data_output\yolo_roboflow_only\images\train\image-128_jpg.rf.1454cfad90e11ed60a74212015cd409d.jpg,Apel,data_output\yolo_roboflow_only\images\train\image-139_jpg.rf.697cd12b8150546a3966d52a875b93ff.jpg,Apel,manual_review_near_duplicate
train,4,data_output\yolo_roboflow_only\images\train\image-142_jpg.rf.00e50b262cec8c1bad70558f0e076fdc.jpg,Apel,data_output\yolo_roboflow_only\images\train\image-143_jpg.rf.ab9fa7eeeb37e885f054585dadeaaa21.jpg,Apel,manual_review_near_duplicate
train,4,data_output\yolo_roboflow_only\images\train\roboflow_data_tambahan_bakso_0014_bakso_(60).jpg,Bakso,data_output\yolo_roboflow_only\images\train\roboflow_data_tambahan_bakso_0095_bakso_(4).png,Bakso,manual_review_near_duplicate
train,4,data_output\yolo_roboflow_only\images\train\tahu-goreng-tepung-bumbu-foto-resep-utama_jpg.rf.05b09b1e1c5e3c797ec84e0289e50faf.jpg,Tahu Goreng,data_output\yolo_roboflow_only\images\train\tahu-goreng-tepung-bumbu-foto-resep-utama_jpg.rf.a525381340220407716ec6a43d8c05f8.jpg,Tahu Goreng,manual_review_near_duplicate
train,4,data_output\yolo_roboflow_only\images\train\tahu-goreng-tradisional-foto-resep-utama_jpg.rf.a142187edd09a531ccea178fb1690c98.jpg,Tahu Goreng,data_output\yolo_roboflow_only\images\train\tahu-goreng-tradisional-foto-resep-utama_jpg.rf.b1b83af2646af864808cd7af5701011d.jpg,Tahu Goreng,manual_review_near_duplicate
train,4,data_output\yolo_roboflow_only\images\train\tahu-goreng-tradisional-foto-resep-utama_jpg.rf.b1b83af2646af864808cd7af5701011d.jpg,Tahu Goreng,data_output\yolo_roboflow_only\images\train\tahu-goreng-tradisional-foto-resep-utama_jpg.rf.e10ae1fe49ff1c2766aa08b02fa49649.jpg,Tahu Goreng,manual_review_near_duplicate
train,4,data_output\yolo_roboflow_only\images\train\walau-lezat-jumlah-kalori-tahu-goreng-ini-harus-anda-ketahui-1600863874_jpg.rf.39f82d171fc261ad8bb17d21658d1b9b.jpg,Tahu Goreng,data_output\yolo_roboflow_only\images\train\walau-lezat-jumlah-kalori-tahu-goreng-ini-harus-anda-ketahui-1600863874_jpg.rf.ecddaa37025de49471104040daf88cd9.jpg,Tahu Goreng,manual_review_near_duplicate
train,4,data_output\yolo_roboflow_only\images\train\walau-lezat-jumlah-kalori-tahu-goreng-ini-harus-anda-ketahui-1600863874_jpg.rf.39f82d171fc261ad8bb17d21658d1b9b.jpg,Tahu Goreng,data_output\yolo_roboflow_only\images\train\walau-lezat-jumlah-kalori-tahu-goreng-ini-harus-anda-ketahui-1600863874_jpg.rf.ef44806c8a91503d7d88488bdaf9efaa.jpg,Tahu Goreng,manual_review_near_duplicate
train,4,data_output\yolo_roboflow_only\images\train\youtube-112_jpg.rf.d4ab9053354b5f30a33d370122a6df30.jpg,Pizza,data_output\yolo_roboflow_only\images\train\youtube-117_jpg.rf.29b0ee5859c8709375467f7489be651d.jpg,Pizza,manual_review_near_duplicate
train,4,data_output\yolo_roboflow_only\images\train\youtube-112_jpg.rf.d4ab9053354b5f30a33d370122a6df30.jpg,Pizza,data_output\yolo_roboflow_only\images\train\youtube-118_jpg.rf.52d78fe2259578825a97abf60ec30693.jpg,Pizza,manual_review_near_duplicate
train,4,data_output\yolo_roboflow_only\images\train\youtube-117_jpg.rf.29b0ee5859c8709375467f7489be651d.jpg,Pizza,data_output\yolo_roboflow_only\images\train\youtube-118_jpg.rf.52d78fe2259578825a97abf60ec30693.jpg,Pizza,manual_review_near_duplicate
train,5,data_output\yolo_roboflow_only\images\train\03d815c5_jpg.rf.d58dd71a1c20fcf271710490d855b163.jpg,Stroberi,data_output\yolo_roboflow_only\images\train\2d0430f5_jpg.rf.b5dcb26fb7beac2b5120dacf17446d0f.jpg,Stroberi,manual_review_near_duplicate
train,5,data_output\yolo_roboflow_only\images\train\09_092_09012001_160652720410018_1_jpeg_jpg.rf.2a95c88372512e3efbbf9e8894647d82.jpg,Telur Rebus,data_output\yolo_roboflow_only\images\train\09_092_09012001_160652722930959_1_jpeg_jpg.rf.c20ae3b54d0467d974d540ba0a1f270c.jpg,Telur Rebus,manual_review_near_duplicate
train,5,data_output\yolo_roboflow_only\images\train\2d0430f5_jpg.rf.b5dcb26fb7beac2b5120dacf17446d0f.jpg,Stroberi,data_output\yolo_roboflow_only\images\train\b136dc5d_jpg.rf.76594f59d295cb9395311886df2f8ec5.jpg,Stroberi,manual_review_near_duplicate
train,5,data_output\yolo_roboflow_only\images\train\b136dc5d_jpg.rf.76594f59d295cb9395311886df2f8ec5.jpg,Stroberi,data_output\yolo_roboflow_only\images\train\b31de8a8_jpg.rf.275d81d9106670f3871a4c22e9e83fcd.jpg,Stroberi,manual_review_near_duplicate
train,5,data_output\yolo_roboflow_only\images\train\bakso-6-_jpg.rf.74c4089e06ca8d109901fa5e24fab2be.jpg,Bakso,data_output\yolo_roboflow_only\images\train\roboflow_data_tambahan_bakso_0095_bakso_(4).png,Bakso,manual_review_near_duplicate
train,5,data_output\yolo_roboflow_only\images\train\cookpad_200_extra_apel_0029_apel_086.jpg,Apel,data_output\yolo_roboflow_only\images\train\image-44_jpg.rf.90a24b17a4097150727f05b7a452ed2d.jpg,Apel,manual_review_near_duplicate
train,5,data_output\yolo_roboflow_only\images\train\daging_rendang-58-_jpg.rf.8c41ea3de720219fb4767d1ff3649e76.jpg,Rendang Sapi,data_output\yolo_roboflow_only\images\train\images_daging_rendang-kalio_jpg.rf.a20816a9a399d3d116eb1dc59fda3f15.jpg,Rendang Sapi,manual_review_near_duplicate
train,5,data_output\yolo_roboflow_only\images\train\image-107_jpg.rf.1ffc37240d412492143308a3f04dd3c3.jpg,Apel,data_output\yolo_roboflow_only\images\train\image-111_jpg.rf.6410d5e7eee8e30fadc50742f451de8b.jpg,Apel,manual_review_near_duplicate
train,5,data_output\yolo_roboflow_only\images\train\image-109_jpg.rf.69cb98dc5aa85f2f043f3e88cabe29bb.jpg,Apel,data_output\yolo_roboflow_only\images\train\image-142_jpg.rf.00e50b262cec8c1bad70558f0e076fdc.jpg,Apel,manual_review_near_duplicate
train,5,data_output\yolo_roboflow_only\images\train\image-114_jpg.rf.4ab4861a8be2b58aed20cd958e7eacba.jpg,Apel,data_output\yolo_roboflow_only\images\train\image-118_jpg.rf.6e301c2145795f9219fe990c0c522c88.jpg,Apel,manual_review_near_duplicate
train,5,data_output\yolo_roboflow_only\images\train\image-117_jpg.rf.4f434751fe767d4c078fdf32271418e3.jpg,Apel,data_output\yolo_roboflow_only\images\train\image-118_jpg.rf.6e301c2145795f9219fe990c0c522c88.jpg,Apel,manual_review_near_duplicate
train,5,data_output\yolo_roboflow_only\images\train\image-117_jpg.rf.4f434751fe767d4c078fdf32271418e3.jpg,Apel,data_output\yolo_roboflow_only\images\train\image-124_jpg.rf.396a98a200c111d8cc758747a21135ab.jpg,Apel,manual_review_near_duplicate
train,5,data_output\yolo_roboflow_only\images\train\image-117_jpg.rf.4f434751fe767d4c078fdf32271418e3.jpg,Apel,data_output\yolo_roboflow_only\images\train\image-130_jpg.rf.170c93454032c34741c9aa7981565064.jpg,Apel,manual_review_near_duplicate
train,5,data_output\yolo_roboflow_only\images\train\image-117_jpg.rf.4f434751fe767d4c078fdf32271418e3.jpg,Apel,data_output\yolo_roboflow_only\images\train\image-141_jpg.rf.3fe38f4f112975311d3ea01389ecd80f.jpg,Apel,manual_review_near_duplicate
train,5,data_output\yolo_roboflow_only\images\train\image-118_jpg.rf.6e301c2145795f9219fe990c0c522c88.jpg,Apel,data_output\yolo_roboflow_only\images\train\image-123_jpg.rf.479bacc5e68a5083c2d353749e326fe8.jpg,Apel,manual_review_near_duplicate
train,5,data_output\yolo_roboflow_only\images\train\image-118_jpg.rf.6e301c2145795f9219fe990c0c522c88.jpg,Apel,data_output\yolo_roboflow_only\images\train\image-139_jpg.rf.697cd12b8150546a3966d52a875b93ff.jpg,Apel,manual_review_near_duplicate
train,5,data_output\yolo_roboflow_only\images\train\image-119_jpg.rf.551133856b79f0a03d51b424ebc2c47c.jpg,Apel,data_output\yolo_roboflow_only\images\train\image-123_jpg.rf.479bacc5e68a5083c2d353749e326fe8.jpg,Apel,manual_review_near_duplicate
train,5,data_output\yolo_roboflow_only\images\train\image-119_jpg.rf.551133856b79f0a03d51b424ebc2c47c.jpg,Apel,data_output\yolo_roboflow_only\images\train\image-139_jpg.rf.697cd12b8150546a3966d52a875b93ff.jpg,Apel,manual_review_near_duplicate
train,5,data_output\yolo_roboflow_only\images\train\image-123_jpg.rf.479bacc5e68a5083c2d353749e326fe8.jpg,Apel,data_output\yolo_roboflow_only\images\train\image-124_jpg.rf.396a98a200c111d8cc758747a21135ab.jpg,Apel,manual_review_near_duplicate
train,5,data_output\yolo_roboflow_only\images\train\image-123_jpg.rf.479bacc5e68a5083c2d353749e326fe8.jpg,Apel,data_output\yolo_roboflow_only\images\train\image-130_jpg.rf.170c93454032c34741c9aa7981565064.jpg,Apel,manual_review_near_duplicate
train,5,data_output\yolo_roboflow_only\images\train\image-123_jpg.rf.479bacc5e68a5083c2d353749e326fe8.jpg,Apel,data_output\yolo_roboflow_only\images\train\image-141_jpg.rf.3fe38f4f112975311d3ea01389ecd80f.jpg,Apel,manual_review_near_duplicate
train,5,data_output\yolo_roboflow_only\images\train\image-128_jpg.rf.1454cfad90e11ed60a74212015cd409d.jpg,Apel,data_output\yolo_roboflow_only\images\train\image-130_jpg.rf.170c93454032c34741c9aa7981565064.jpg,Apel,manual_review_near_duplicate
train,5,data_output\yolo_roboflow_only\images\train\image-128_jpg.rf.1454cfad90e11ed60a74212015cd409d.jpg,Apel,data_output\yolo_roboflow_only\images\train\image-131_jpg.rf.75cf157cfe57dad8b6b67ccd37096cdb.jpg,Apel,manual_review_near_duplicate
train,5,data_output\yolo_roboflow_only\images\train\image-128_jpg.rf.1454cfad90e11ed60a74212015cd409d.jpg,Apel,data_output\yolo_roboflow_only\images\train\image-141_jpg.rf.3fe38f4f112975311d3ea01389ecd80f.jpg,Apel,manual_review_near_duplicate
train,5,data_output\yolo_roboflow_only\images\train\image-130_jpg.rf.170c93454032c34741c9aa7981565064.jpg,Apel,data_output\yolo_roboflow_only\images\train\image-139_jpg.rf.697cd12b8150546a3966d52a875b93ff.jpg,Apel,manual_review_near_duplicate
train,5,data_output\yolo_roboflow_only\images\train\image-138_jpg.rf.a1b19e2001cac1c5100a9562aa051f01.jpg,Apel,data_output\yolo_roboflow_only\images\train\image-142_jpg.rf.00e50b262cec8c1bad70558f0e076fdc.jpg,Apel,manual_review_near_duplicate
train,5,data_output\yolo_roboflow_only\images\train\image-138_jpg.rf.a1b19e2001cac1c5100a9562aa051f01.jpg,Apel,data_output\yolo_roboflow_only\images\train\image-143_jpg.rf.ab9fa7eeeb37e885f054585dadeaaa21.jpg,Apel,manual_review_near_duplicate
train,5,data_output\yolo_roboflow_only\images\train\image29_jpeg_jpg.rf.d5fb5ef1d47c4fb503f2c890b240f3b8.jpg,Pempek,data_output\yolo_roboflow_only\images\train\roboflow_data_tambahan_pempek_0049_pempek_(83).jpg,Pempek,manual_review_near_duplicate
train,5,data_output\yolo_roboflow_only\images\train\roboflow_data_tambahan_tumis_kangkung_0049_tumis_kangkung_(13).jpg,Tumis Kangkung,data_output\yolo_roboflow_only\images\train\tumis_kangkung-170_jpg.rf.5097ace3347ac0f145248b9073c4c0ad.jpg,Tumis Kangkung,manual_review_near_duplicate
train,5,data_output\yolo_roboflow_only\images\train\tahu-kuning-piring-kaleng-IMG_6477_jpg.rf.16465fdc6e8cd0d67149d13a60e78062.jpg,Tahu Goreng,data_output\yolo_roboflow_only\images\train\tahu-kuning-piring-kaleng-IMG_6477_jpg.rf.6c838987002c6e3de9d92748a22c09d9.jpg,Tahu Goreng,manual_review_near_duplicate
train,5,data_output\yolo_roboflow_only\images\train\tahu-kuning-piring-kaleng-IMG_6477_jpg.rf.6c838987002c6e3de9d92748a22c09d9.jpg,Tahu Goreng,data_output\yolo_roboflow_only\images\train\tahu-kuning-piring-kaleng-IMG_6477_jpg.rf.80f8c5f4382d6332feb5c17bb6efddac.jpg,Tahu Goreng,manual_review_near_duplicate
train,5,data_output\yolo_roboflow_only\images\train\tumis_kangkung-192_jpg.rf.7bb0738ec4423677f27ad914dd17749d.jpg,Tumis Kangkung,data_output\yolo_roboflow_only\images\train\tumis_kangkung-192_jpg.rf.f6694c35cca42cd1db2e4bda975c6115.jpg,Tumis Kangkung,manual_review_near_duplicate
train,5,data_output\yolo_roboflow_only\images\train\youtube-110_jpg.rf.b2ad442dff94b8a2bdb51d52e6fec91f.jpg,Pizza,data_output\yolo_roboflow_only\images\train\youtube-114_jpg.rf.7fe752fb4fd640f1a3de427eaf77ac2f.jpg,Pizza,manual_review_near_duplicate
train,5,data_output\yolo_roboflow_only\images\train\youtube-112_jpg.rf.d4ab9053354b5f30a33d370122a6df30.jpg,Pizza,data_output\yolo_roboflow_only\images\train\youtube-113_jpg.rf.2331436f97c87a811689f73f073f2522.jpg,Pizza,manual_review_near_duplicate
val,0,data_output\yolo_roboflow_only\images\val\Blog_Resep-Pempek-Ikan-Tenggiri-Mudah-dan-Praktis_jpg.rf.439032515157baef6c960f65c98981c7.jpg,Pempek,data_output\yolo_roboflow_only\images\val\images57_jpg.rf.63547b29564192955fa444ec42ff36d3.jpg,Pempek,manual_review_near_duplicate
val,0,data_output\yolo_roboflow_only\images\val\images-36-_jpg.rf.e1bfabca626a3ec4b82fffb83b8d693a.jpg,Tempe Goreng,data_output\yolo_roboflow_only\images\val\tempe-goreng-bawang-putih-gurih-foto-resep-utama_jpg.rf.57e8e149bd931f06a99d569f3a700bff.jpg,Tempe Goreng,manual_review_near_duplicate
val,0,data_output\yolo_roboflow_only\images\val\images-43-_jpg.rf.059ab14d79fe7124dd5ccd039551f7b3.jpg,Tahu Goreng,data_output\yolo_roboflow_only\images\val\traditional-indonesian-culinary-food-masakan-260nw-1250608585_jpg.rf.00649af480765b9e79f33b93f4a08b8f.jpg,Tahu Goreng,manual_review_near_duplicate
val,0,data_output\yolo_roboflow_only\images\val\images30_jpg.rf.93c40ab914086d756b1c99341a4b0f28.jpg,Sate,data_output\yolo_roboflow_only\images\val\images_daging_sate-santan-1200x798_jpeg_jpg.rf.72392b02e21161390d42fc692f6386d4.jpg,Sate,manual_review_near_duplicate
val,0,data_output\yolo_roboflow_only\images\val\images5_jpg.rf.8f2845fdeb5a0894df57b43c730ed40f.jpg,Sate,data_output\yolo_roboflow_only\images\val\Resep-Sate-Kambing-Empuk-1200x799_jpg.rf.fb71079acab0a4229fe41112ea939e36.jpg,Sate,manual_review_near_duplicate
val,0,data_output\yolo_roboflow_only\images\val\images61_jpg.rf.59427a3068a18d75ac4fc349dce288fc.jpg,Pempek,data_output\yolo_roboflow_only\images\val\pempek-e261d3a6185d14903bac6ed84d150285_600x400_jpg.rf.b6f4ccdd956f1731374169f6c06ac93e.jpg,Pempek,manual_review_near_duplicate
val,0,data_output\yolo_roboflow_only\images\val\resep-tahu-goreng-bumbu-marinasi-rasanya-maknyus202103270120_jpg.rf.bbce4a3477716a8d960a38e7de055c20.jpg,Tahu Goreng,data_output\yolo_roboflow_only\images\val\resep-tahu-goreng-bumbu-marinasi-rasanya-maknyus202103270120_jpg.rf.f8919f404f109173d0df7b4b51309e4a.jpg,Tahu Goreng,manual_review_near_duplicate
val,1,data_output\yolo_roboflow_only\images\val\10ffbbdd_jpg.rf.db704aa6d2920140b5e0fe192636b6b3.jpg,Stroberi,data_output\yolo_roboflow_only\images\val\be91cee5_jpg.rf.4a15f0c3732d06eb45f7d19052bdf5b8.jpg,Stroberi,manual_review_near_duplicate
val,1,data_output\yolo_roboflow_only\images\val\download-4-_jpg.rf.3dbba6d6fe95296e0469405d70321225.jpg,Tahu Goreng,data_output\yolo_roboflow_only\images\val\photo-2-_jpg.rf.0e0ae6362a8f403f67d08336c7f2a55e.jpg,Tahu Goreng,manual_review_near_duplicate
val,4,data_output\yolo_roboflow_only\images\val\003154ec_jpg.rf.cd8b9ce26d703d145a8b791d76e7a349.jpg,Stroberi,data_output\yolo_roboflow_only\images\val\fa31d55b_jpg.rf.8104c407b5e13223fbeca47224be1d8d.jpg,Stroberi,manual_review_near_duplicate
val,4,data_output\yolo_roboflow_only\images\val\image-113_jpg.rf.394fe2b33a03416410dc49bec8d6511e.jpg,Apel,data_output\yolo_roboflow_only\images\val\image-137_jpg.rf.985b774b176cfb911d648db48a26560e.jpg,Apel,manual_review_near_duplicate
val,4,data_output\yolo_roboflow_only\images\val\image-122_jpg.rf.d81f14946ffee8d4997af5cf6b363dc5.jpg,Apel,data_output\yolo_roboflow_only\images\val\image-137_jpg.rf.985b774b176cfb911d648db48a26560e.jpg,Apel,manual_review_near_duplicate
val,4,data_output\yolo_roboflow_only\images\val\img00721_jpg.rf.2b43ef9f98430807173b4e7ada674b81.jpg,Stroberi,data_output\yolo_roboflow_only\images\val\img00722_jpg.rf.db061ff089348f639e3dd08e2625048c.jpg,Stroberi,manual_review_near_duplicate
val,4,data_output\yolo_roboflow_only\images\val\resep-tahu-goreng-bumbu-marinasi-rasanya-maknyus202103270120_jpg.rf.21debd1d1ac042ad55a66210511ee174.jpg,Tahu Goreng,data_output\yolo_roboflow_only\images\val\resep-tahu-goreng-bumbu-marinasi-rasanya-maknyus202103270120_jpg.rf.bbce4a3477716a8d960a38e7de055c20.jpg,Tahu Goreng,manual_review_near_duplicate
val,4,data_output\yolo_roboflow_only\images\val\resep-tahu-goreng-bumbu-marinasi-rasanya-maknyus202103270120_jpg.rf.21debd1d1ac042ad55a66210511ee174.jpg,Tahu Goreng,data_output\yolo_roboflow_only\images\val\resep-tahu-goreng-bumbu-marinasi-rasanya-maknyus202103270120_jpg.rf.f8919f404f109173d0df7b4b51309e4a.jpg,Tahu Goreng,manual_review_near_duplicate
val,5,data_output\yolo_roboflow_only\images\val\image-112_jpg.rf.6b6079cb83ca7f33b2e40294c5da6350.jpg,Apel,data_output\yolo_roboflow_only\images\val\image-134_jpg.rf.700397d85dc3541831c6ac39e24ee4ce.jpg,Apel,manual_review_near_duplicate
val,5,data_output\yolo_roboflow_only\images\val\img00559_jpg.rf.c4d4dfc4ffec5c38a91a17d6401596fb.jpg,Stroberi,data_output\yolo_roboflow_only\images\val\img00560_jpg.rf.a21f9d1d6339742498893b1398e44f23.jpg,Stroberi,manual_review_near_duplicate
val,5,data_output\yolo_roboflow_only\images\val\img00906_jpg.rf.0b22bce513824e51748153d4c990c5e7.jpg,Stroberi,data_output\yolo_roboflow_only\images\val\img00907_jpg.rf.a3ceddf9318b2655256b83325502b217.jpg,Stroberi,manual_review_near_duplicate
